analysis_kind,condition,mean_coverage,time_s,update
primary,normal,0.05442588306690788,0.0,750
primary,normal,0.07342825272674706,0.1,750
primary,normal,0.0939930166758106,0.2,750
primary,normal,0.11527072653967034,0.3,750
primary,normal,0.13292318832071642,0.4,750
primary,normal,0.14997208871036974,0.5,750
primary,normal,0.16515085368115787,0.6,750
primary,normal,0.17698707779008016,0.7,750
primary,normal,0.18617892713629364,0.8,750
primary,normal,0.19471210508297151,0.9,750
primary,normal,0.201743287623657,1.0,750
primary,normal,0.20874598826875077,1.1,750
primary,normal,0.21652642616424117,1.2,750
primary,normal,0.22506207579819293,1.3,750
primary,normal,0.23240465942466818,1.4,750
primary,normal,0.24136713814536914,1.5,750
primary,normal,0.2518030108616988,1.6,750
primary,normal,0.2593213174714448,1.7,750
primary,normal,0.2674238597713304,1.8,750
primary,normal,0.27614885246945764,1.9,750
primary,normal,0.28411601772304773,2.0,750
primary,normal,0.2944295446244914,2.1,750
primary,normal,0.30351687836444086,2.2,750
primary,normal,0.30873873536174756,2.3,750
primary,normal,0.31284460445416545,2.4,750
primary,normal,0.31719258073135204,2.5,750
primary,normal,0.32329212043903155,2.6,750
primary,normal,0.3300797161715552,2.7,750
primary,normal,0.33750128899072396,2.8,750
primary,normal,0.34665225442252756,2.9,750
primary,normal,0.35375569380805943,3.0,750
primary,normal,0.35903782307621684,3.1,750
primary,normal,0.36468123600898306,3.2,750
primary,normal,0.3716971203295165,3.3,750
primary,normal,0.37591929501885196,3.4,750
primary,normal,0.37952531881985113,3.5,750
primary,normal,0.38384013422628455,3.6,750
primary,normal,0.38943405030421313,3.7,750
primary,normal,0.3932164827560606,3.8,750
primary,normal,0.39708864222458334,3.9,750
primary,normal,0.4017162860578119,4.0,750
primary,normal,0.40695191717531204,4.1,750
primary,normal,0.41035600204396655,4.2,750
primary,normal,0.4150927753167327,4.3,750
primary,normal,0.4180050313621689,4.4,750
primary,normal,0.42133113952886764,4.5,750
primary,normal,0.4255271159601541,4.6,750
primary,normal,0.42806939022792556,4.7,750
primary,normal,0.42981048428557184,4.8,750
primary,normal,0.43198641368792107,4.9,750
primary,normal,0.43444039227838044,5.0,750
primary,normal,0.4360395166179017,5.1,750
primary,normal,0.4376161291210053,5.2,750
primary,normal,0.4395316455100385,5.3,750
primary,normal,0.44269067208047314,5.4,750
primary,normal,0.4448962683961664,5.5,750
primary,normal,0.44833996655670144,5.6,750
primary,normal,0.4515582124270517,5.7,750
primary,normal,0.45339090325914033,5.8,750
primary,normal,0.45498306531527066,5.9,750
primary,normal,0.45708540797764124,6.0,750
primary,normal,0.4592021946865741,6.1,750
primary,normal,0.4624887084441161,6.2,750
primary,normal,0.4657099380704414,6.3,750
primary,normal,0.46901285361784695,6.4,750
primary,normal,0.47204595808248245,6.5,750
primary,normal,0.4749695192196948,6.6,750
primary,normal,0.4776276749774448,6.7,750
primary,normal,0.4814226042544963,6.8,750
primary,normal,0.4849783034573478,6.9,750
primary,normal,0.4876089237587126,7.0,750
primary,normal,0.49088981120851194,7.1,750
primary,normal,0.49412948234380266,7.2,750
primary,normal,0.4977934826427625,7.3,750
primary,normal,0.5010876001272726,7.4,750
primary,normal,0.505091870939273,7.5,750
primary,normal,0.5087866568534676,7.6,750
primary,normal,0.512500694184607,7.7,750
primary,normal,0.5166467719088821,7.8,750
primary,normal,0.520767125151283,7.9,750
primary,normal,0.5256618144310986,8.0,750
primary,normal,0.5295843443823546,8.1,750
primary,normal,0.5323719403195196,8.2,750
primary,normal,0.5347753281686297,8.3,750
primary,normal,0.5378199360969108,8.4,750
primary,normal,0.5397434248891179,8.5,750
primary,normal,0.5419028735243494,8.6,750
primary,normal,0.5438908752676099,8.7,750
primary,normal,0.5461029679718306,8.8,750
primary,normal,0.5475305962195738,8.9,750
primary,normal,0.5485203066160343,9.0,750
primary,normal,0.5496982790876991,9.1,750
primary,normal,0.5519594237319393,9.2,750
primary,normal,0.5551982630909572,9.3,750
primary,normal,0.5599125894370326,9.4,750
primary,normal,0.5628794380888362,9.5,750
primary,normal,0.5647232236608818,9.6,750
primary,normal,0.5657512796516484,9.7,750
primary,normal,0.5675936486827114,9.8,750
primary,normal,0.5692825173201388,9.9,750
primary,normal,0.5708647238241862,10.0,750
primary,normal,0.5729531990714698,10.1,750
primary,normal,0.5763984071174887,10.2,750
primary,normal,0.5788669745948941,10.3,750
primary,normal,0.5809214602627629,10.4,750
primary,normal,0.5826677340593179,10.5,750
primary,normal,0.5843896919137012,10.6,750
primary,normal,0.585351061813769,10.7,750
primary,normal,0.5872260437252522,10.8,750
primary,normal,0.5887145337682551,10.9,750
primary,normal,0.5894037472149964,11.0,750
primary,normal,0.5911106844061896,11.1,750
primary,normal,0.5927390344286685,11.2,750
primary,normal,0.5939843122734356,11.3,750
primary,normal,0.595259439197288,11.4,750
primary,normal,0.5970575483722903,11.5,750
primary,normal,0.5991789276063056,11.6,750
primary,normal,0.6008893205957099,11.7,750
primary,normal,0.6028686565050698,11.8,750
primary,normal,0.6052395680140845,11.9,750
primary,normal,0.606015592779893,12.0,750
primary,normal,0.606698019886741,12.1,750
primary,normal,0.6095436239539277,12.2,750
primary,normal,0.6126259904716157,12.3,750
primary,normal,0.6157892091908038,12.4,750
primary,normal,0.6175129922095549,12.5,750
primary,normal,0.6204014185273178,12.6,750
primary,normal,0.6235198044766482,12.7,750
primary,normal,0.6251951032734868,12.8,750
primary,normal,0.6267242594787703,12.9,750
primary,normal,0.6279472772020807,13.0,750
primary,normal,0.629042640960687,13.1,750
primary,normal,0.6305339442158259,13.2,750
primary,normal,0.6321389080386111,13.3,750
primary,normal,0.6333012059634154,13.4,750
primary,normal,0.6350455597392604,13.5,750
primary,normal,0.6363461510882279,13.6,750
primary,normal,0.6378034038318943,13.7,750
primary,normal,0.6384174890781371,13.8,750
primary,normal,0.6392504336340398,13.9,750
primary,normal,0.6400534846942773,14.0,750
primary,normal,0.6410667220986473,14.1,750
primary,normal,0.6423284091200185,14.2,750
primary,normal,0.6432236820717923,14.3,750
primary,normal,0.6438637439083709,14.4,750
primary,normal,0.644343111682798,14.5,750
primary,normal,0.6460063559425122,14.6,750
primary,normal,0.6466423072590033,14.7,750
primary,normal,0.6470837986581592,14.8,750
primary,normal,0.6480227323923748,14.9,750
primary,normal,0.6498717640052705,15.0,750
primary,normal,0.651481672297663,15.1,750
primary,normal,0.6523743804312179,15.2,750
primary,normal,0.6531863424829584,15.3,750
primary,normal,0.6545693241435672,15.4,750
primary,normal,0.6551553649160431,15.5,750
primary,normal,0.6558279080187771,15.6,750
primary,normal,0.6563398696970387,15.7,750
primary,normal,0.6572261808771697,15.8,750
primary,normal,0.6580702555112298,15.9,750
primary,normal,0.6591453425106922,16.0,750
primary,normal,0.6601704306100872,16.1,750
primary,normal,0.6618441430603502,16.2,750
primary,normal,0.6641001966838506,16.3,750
primary,normal,0.6658798933725857,16.4,750
primary,normal,0.667973773841979,16.5,750
primary,normal,0.6694543178083948,16.6,750
primary,normal,0.6705424923758159,16.7,750
primary,normal,0.6714584957606281,16.8,750
primary,normal,0.672361706580223,16.9,750
primary,normal,0.6734613444321046,17.0,750
primary,normal,0.6750270269372416,17.1,750
primary,normal,0.6769070439401307,17.2,750
primary,normal,0.6787465127713144,17.3,750
primary,normal,0.6803243177258047,17.4,750
primary,normal,0.6820092262112534,17.5,750
primary,normal,0.6829026870322751,17.6,750
primary,normal,0.6837719759511998,17.7,750
primary,normal,0.6850370795341477,17.8,750
primary,normal,0.6863263891818162,17.9,750
primary,normal,0.6886053380718292,18.0,750
primary,normal,0.6904674736834867,18.1,750
primary,normal,0.6910367445978706,18.2,750
primary,normal,0.6915889433575855,18.3,750
primary,normal,0.6922367449627181,18.4,750
primary,normal,0.6932699499635078,18.5,750
primary,normal,0.6939321491310131,18.6,750
primary,normal,0.6944595328229551,18.7,750
primary,normal,0.6950915438152773,18.8,750
primary,normal,0.6958341048439949,18.9,750
primary,normal,0.696394369620729,19.0,750
primary,normal,0.6967914970119643,19.1,750
primary,normal,0.6970999715780228,19.2,750
primary,normal,0.6974423354946897,19.3,750
primary,normal,0.697724676167659,19.4,750
primary,normal,0.6983668315420078,19.5,750
primary,normal,0.699106370959779,19.6,750
primary,normal,0.6995331090157655,19.7,750
primary,normal,0.6999330629671601,19.8,750
primary,normal,0.7005037437755054,19.9,750
primary,normal,0.7012685012811202,20.0,750
primary,normal,0.7018540732075965,20.1,750
primary,normal,0.7022529879180545,20.2,750
primary,normal,0.7025772285042571,20.3,750
primary,normal,0.7032072751322381,20.4,750
primary,normal,0.7037108932275079,20.5,750
primary,normal,0.7047781359855972,20.6,750
primary,normal,0.7054723059978188,20.7,750
primary,normal,0.7062333483359026,20.8,750
primary,normal,0.7069991182157708,20.9,750
primary,normal,0.7080701613003338,21.0,750
primary,normal,0.7089441190966712,21.1,750
primary,normal,0.7099064664013005,21.2,750
primary,normal,0.7104479117521768,21.3,750
primary,normal,0.7113505528707036,21.4,750
primary,normal,0.7121033137187209,21.5,750
primary,normal,0.7128256727239997,21.6,750
primary,normal,0.7136100653480809,21.7,750
primary,normal,0.7142740215902814,21.8,750
primary,normal,0.7154271518789845,21.9,750
primary,normal,0.716320026064841,22.0,750
primary,normal,0.7170493467730092,22.1,750
primary,normal,0.7178318450768465,22.2,750
primary,normal,0.7181441388506156,22.3,750
primary,normal,0.7188008823790731,22.4,750
primary,normal,0.7193657396057584,22.5,750
primary,normal,0.719604142267857,22.6,750
primary,normal,0.7198989309433792,22.7,750
primary,normal,0.7203493195717737,22.8,750
primary,normal,0.7205742715393276,22.9,750
primary,normal,0.7213823468999656,23.0,750
primary,normal,0.7219223541919717,23.1,750
primary,normal,0.7226930206440456,23.2,750
primary,normal,0.7237588268895402,23.3,750
primary,normal,0.7247743265297542,23.4,750
primary,normal,0.7250628007392453,23.5,750
primary,normal,0.7254424242842262,23.6,750
primary,normal,0.726091276641163,23.7,750
primary,normal,0.7272711923732191,23.8,750
primary,normal,0.7281249864235096,23.9,750
primary,normal,0.7284857449777592,24.0,750
primary,normal,0.7287407720802306,24.1,750
primary,normal,0.7289302748285599,24.2,750
primary,normal,0.7291917276702699,24.3,750
primary,normal,0.729375764413137,24.4,750
primary,normal,0.7295899146538188,24.5,750
primary,normal,0.7297848337346644,24.6,750
primary,normal,0.7299143490160921,24.7,750
primary,normal,0.7301594682826669,24.8,750
primary,normal,0.7303098591128083,24.9,750
primary,normal,0.7304263721526145,25.0,750
primary,normal,0.7305761943468239,25.1,750
primary,normal,0.7308290482598144,25.2,750
primary,normal,0.7309131343424213,25.3,750
primary,normal,0.7310292478355194,25.4,750
primary,normal,0.7313460791589972,25.5,750
primary,normal,0.7314846064667386,25.6,750
primary,normal,0.7315792133828426,25.7,750
primary,normal,0.7316266665481916,25.8,750
primary,normal,0.7316517609776843,25.9,750
primary,normal,0.7317355375135819,26.0,750
primary,normal,0.7317910154493898,26.1,750
primary,normal,0.7319294785350672,26.2,750
primary,normal,0.7321130998405724,26.3,750
primary,normal,0.7322071998217958,26.4,750
primary,normal,0.7327107207337182,26.5,750
primary,normal,0.7334218255815169,26.6,750
primary,normal,0.7340711463262587,26.7,750
primary,normal,0.7346495208087289,26.8,750
primary,normal,0.735661583503239,26.9,750
primary,normal,0.7358201015622938,27.0,750
primary,normal,0.7365144543616999,27.1,750
primary,normal,0.7366504882843,27.2,750
primary,normal,0.7366907028658004,27.3,750
primary,normal,0.7371023014444036,27.4,750
primary,normal,0.7376832440364491,27.5,750
primary,normal,0.738300224829265,27.6,750
primary,normal,0.7387763680024423,27.7,750
primary,normal,0.7390213069845991,27.8,750
primary,normal,0.7391816724605166,27.9,750
primary,normal,0.7394679415581712,28.0,750
primary,normal,0.7399056574445834,28.1,750
primary,normal,0.7404246928933227,28.2,750
primary,normal,0.7409235061245919,28.3,750
primary,normal,0.7413198905474995,28.4,750
primary,normal,0.7416528561342349,28.5,750
primary,normal,0.7421142133031738,28.6,750
primary,normal,0.7423426905872686,28.7,750
primary,normal,0.742731036105188,28.8,750
primary,normal,0.743226415358666,28.9,750
primary,normal,0.7434435358814478,29.0,750
primary,normal,0.7436487798313659,29.1,750
primary,normal,0.7437614904649684,29.2,750
primary,normal,0.7440915240187206,29.3,750
primary,normal,0.7442644977496563,29.4,750
primary,normal,0.7446220836327463,29.5,750
primary,normal,0.7452589628276293,29.6,750
primary,normal,0.7455286401023643,29.7,750
primary,normal,0.7459797526191255,29.8,750
primary,normal,0.7466279900946098,29.9,750
primary,normal,0.7469221976545845,30.0,750
primary,normal,0.7471554007514497,30.1,750
primary,normal,0.7471908191189504,30.2,750
primary,normal,0.7472089447674101,30.3,750
primary,normal,0.7472795555056346,30.4,750
primary,normal,0.747407662221563,30.5,750
primary,normal,0.7474676402591772,30.6,750
primary,normal,0.7475165463011797,30.7,750
primary,normal,0.7475616488598001,30.8,750
primary,normal,0.7476149511899401,30.9,750
primary,normal,0.7477921124795889,31.0,750
primary,normal,0.7478646924131762,31.1,750
primary,normal,0.747879194387153,31.2,750
primary,normal,0.7478923565923361,31.3,750
primary,normal,0.7479183056951393,31.4,750
primary,normal,0.747958881646818,31.5,750
primary,normal,0.7479889084691729,31.6,750
primary,normal,0.7482666823776458,31.7,750
primary,normal,0.748540140821209,31.8,750
primary,normal,0.7486842377581004,31.9,750
primary,normal,0.748740179255158,32.0,750
primary,normal,0.7488749825731832,32.1,750
primary,normal,0.7489240615511572,32.2,750
primary,normal,0.7490229611152318,32.3,750
primary,normal,0.7491735695229953,32.4,750
primary,normal,0.7492738196226685,32.5,750
primary,normal,0.7493930444981909,32.6,750
primary,normal,0.7501392967025697,32.7,750
primary,normal,0.7506586078195147,32.8,750
primary,normal,0.7511009107453781,32.9,750
primary,normal,0.7515224230057012,33.0,750
primary,normal,0.7517283398675669,33.1,750
primary,normal,0.7518328428158855,33.2,750
primary,normal,0.7519188203858342,33.3,750
primary,normal,0.752252467975487,33.4,750
primary,normal,0.7526039631211228,33.5,750
primary,normal,0.7528836147657185,33.6,750
primary,normal,0.7532132540713133,33.7,750
primary,normal,0.7533905260872521,33.8,750
primary,normal,0.7534677111743968,33.9,750
primary,normal,0.7535596448717908,34.0,750
primary,normal,0.753766994026817,34.1,750
primary,normal,0.7539558607067938,34.2,750
primary,normal,0.7542437687119707,34.3,750
primary,normal,0.7545083131242528,34.4,750
primary,normal,0.7554362975417684,34.5,750
primary,normal,0.7566595711419184,34.6,750
primary,normal,0.7575286131823036,34.7,750
primary,normal,0.757668209057928,34.8,750
primary,normal,0.7578239806082386,34.9,750
primary,normal,0.7579533244295558,35.0,750
primary,normal,0.7581389823395323,35.1,750
primary,normal,0.7583411864247147,35.2,750
primary,normal,0.7586210742962843,35.3,750
primary,normal,0.7591364932973564,35.4,750
primary,normal,0.7596497575827865,35.5,750
primary,normal,0.7602055339982507,35.6,750
primary,normal,0.7605727786254838,35.7,750
primary,normal,0.7609112318806485,35.8,750
primary,normal,0.7612080732249775,35.9,750
primary,normal,0.7618978532313002,36.0,750
primary,normal,0.7629907766217794,36.1,750
primary,normal,0.7634951328302895,36.2,750
primary,normal,0.7641743691718645,36.3,750
primary,normal,0.764887801280406,36.4,750
primary,normal,0.7654013738160832,36.5,750
primary,normal,0.7660844455475716,36.6,750
primary,normal,0.766882007098659,36.7,750
primary,normal,0.7676564367371356,36.8,750
primary,normal,0.7681652374227833,36.9,750
primary,normal,0.7684542897786754,37.0,750
primary,normal,0.7687813687576139,37.1,750
primary,normal,0.7693442691099149,37.2,750
primary,normal,0.7701157808640521,37.3,750
primary,normal,0.7709074861439428,37.4,750
primary,normal,0.7713847915209064,37.5,750
primary,normal,0.7720099155577583,37.6,750
primary,normal,0.7725546974858732,37.7,750
primary,normal,0.7728892948789753,37.8,750
primary,normal,0.773289687261364,37.9,750
primary,normal,0.7733773570552278,38.0,750
primary,normal,0.7735545710234952,38.1,750
primary,normal,0.7736297034938995,38.2,750
primary,normal,0.7736834456400301,38.3,750
primary,normal,0.7739103146219636,38.4,750
primary,normal,0.7740587803291814,38.5,750
primary,normal,0.7742206976130237,38.6,750
primary,normal,0.7742752310135393,38.7,750
primary,normal,0.7743320803833742,38.8,750
primary,normal,0.7744868874870007,38.9,750
primary,normal,0.7745846882324153,39.0,750
primary,normal,0.7746981744296624,39.1,750
primary,normal,0.7748653636436793,39.2,750
primary,normal,0.775081559340079,39.3,750
primary,normal,0.775175857633853,39.4,750
primary,normal,0.7752328722333238,39.5,750
primary,normal,0.7753731915418398,39.6,750
primary,normal,0.7754491936304064,39.7,750
primary,normal,0.7755277105939805,39.8,750
primary,normal,0.7756251941504007,39.9,750
primary,normal,0.7758466106591351,40.0,750
primary,normal,0.7760573189786616,40.1,750
primary,normal,0.7764102684547685,40.2,750
primary,normal,0.7767634956095874,40.3,750
primary,normal,0.777234539467329,40.4,750
primary,normal,0.7780039443326382,40.5,750
primary,normal,0.7789827636349566,40.6,750
primary,normal,0.779745893188143,40.7,750
primary,normal,0.7802991031302631,40.8,750
primary,normal,0.7806349607470217,40.9,750
primary,normal,0.7809335236175448,41.0,750
primary,normal,0.7812134078198036,41.1,750
primary,normal,0.7813601547038799,41.2,750
primary,normal,0.7814306060538888,41.3,750
primary,normal,0.7814376500638318,41.4,750
primary,normal,0.7814376500638318,41.5,750
primary,normal,0.7814440416374294,41.6,750
primary,normal,0.7814440416374294,41.7,750
primary,normal,0.7814440416374294,41.8,750
primary,normal,0.781586368813525,41.9,750
primary,normal,0.7817059242679602,42.0,750
primary,normal,0.7818069847239324,42.1,750
primary,normal,0.7819029822249273,42.2,750
primary,normal,0.7820992555281646,42.3,750
primary,normal,0.782427767481182,42.4,750
primary,normal,0.7825063985940972,42.5,750
primary,normal,0.782578091617267,42.6,750
primary,normal,0.7825820479536776,42.7,750
primary,normal,0.7826997801051017,42.8,750
primary,normal,0.7828133146637154,42.9,750
primary,normal,0.7829992724791904,43.0,750
primary,normal,0.7830710389496776,43.1,750
primary,normal,0.7831222616419802,43.2,750
primary,normal,0.7831746624258616,43.3,750
primary,normal,0.7832943949409831,43.4,750
primary,normal,0.7840828447660576,43.5,750
primary,normal,0.7855258957236578,43.6,750
primary,normal,0.7864480356049464,43.7,750
primary,normal,0.7870163611477157,43.8,750
primary,normal,0.7873784393694897,43.9,750
primary,normal,0.7875933415928865,44.0,750
primary,normal,0.7880938028058205,44.1,750
primary,normal,0.7881984368301597,44.2,750
primary,normal,0.7883181503821314,44.3,750
primary,normal,0.7884016390742719,44.4,750
primary,normal,0.7884680094333993,44.5,750
primary,normal,0.7886317099613905,44.6,750
primary,normal,0.7886418710479699,44.7,750
primary,normal,0.7889308631945585,44.8,750
primary,normal,0.7890810180946295,44.9,750
primary,normal,0.7892442722247416,45.0,750
primary,normal,0.7893924191572835,45.1,750
primary,normal,0.7894463769421747,45.2,750
primary,normal,0.7895525690226446,45.3,750
primary,normal,0.7898909564521001,45.4,750
primary,normal,0.7899997892742349,45.5,750
primary,normal,0.7901351121063468,45.6,750
primary,normal,0.7904462921143349,45.7,750
primary,normal,0.7905742663412655,45.8,750
primary,normal,0.7907583258358477,45.9,750
primary,normal,0.7910640796216534,46.0,750
primary,normal,0.7914037228460459,46.1,750
primary,normal,0.7916550584221952,46.2,750
primary,normal,0.7918097400503968,46.3,750
primary,normal,0.7920771766861836,46.4,750
primary,normal,0.792443924407385,46.5,750
primary,normal,0.7928156670704397,46.6,750
primary,normal,0.7933521518767434,46.7,750
primary,normal,0.7938704847964834,46.8,750
primary,normal,0.7940446431601624,46.9,750
primary,normal,0.7945465701755907,47.0,750
primary,normal,0.7948141072621302,47.1,750
primary,normal,0.7949878064469658,47.2,750
primary,normal,0.795464202274672,47.3,750
primary,normal,0.795546797967832,47.4,750
primary,normal,0.7957346772423899,47.5,750
primary,normal,0.7964841299030131,47.6,750
primary,normal,0.7972052778417359,47.7,750
primary,normal,0.7976263603322667,47.8,750
primary,normal,0.7978449398377971,47.9,750
primary,normal,0.7980201058555964,48.0,750
primary,normal,0.7986270660418645,48.1,750
primary,normal,0.7997975815226934,48.2,750
primary,normal,0.8003495004442323,48.3,750
primary,normal,0.8004867296809292,48.4,750
primary,normal,0.800900719837401,48.5,750
primary,normal,0.8011092614658962,48.6,750
primary,normal,0.8013506215945052,48.7,750
primary,normal,0.8015667693354043,48.8,750
primary,normal,0.8016276338338616,48.9,750
primary,normal,0.801674655237145,49.0,750
primary,normal,0.801753357870154,49.1,750
primary,normal,0.8020507693364795,49.2,750
primary,normal,0.8020929483538125,49.3,750
primary,normal,0.8021007866150449,49.4,750
primary,normal,0.8021725790141799,49.5,750
primary,normal,0.8025899435302686,49.6,750
primary,normal,0.8033369977505821,49.7,750
primary,normal,0.8038812539156396,49.8,750
primary,normal,0.8041650948115125,49.9,750
primary,normal,0.8043814132466124,50.0,750
primary,normal,0.8046023716584834,50.1,750
primary,normal,0.8047502788697238,50.2,750
primary,normal,0.8048303362492886,50.3,750
primary,normal,0.8048960889955422,50.4,750
primary,normal,0.8049071489662004,50.5,750
primary,normal,0.8051816725825353,50.6,750
primary,normal,0.8059629520828628,50.7,750
primary,normal,0.8065088003928805,50.8,750
primary,normal,0.8067661474018687,50.9,750
primary,normal,0.8068013726265095,51.0,750
primary,normal,0.8069706611528609,51.1,750
primary,normal,0.8069862868148757,51.2,750
primary,normal,0.807013049294665,51.3,750
primary,normal,0.8071329979864008,51.4,750
primary,normal,0.807236057255969,51.5,750
primary,normal,0.8072615789307176,51.6,750
primary,normal,0.8072715818040802,51.7,750
primary,normal,0.8072929761637085,51.8,750
primary,normal,0.8074250358009873,51.9,750
primary,normal,0.8075287403529897,52.0,750
primary,normal,0.8078825720525251,52.1,750
primary,normal,0.8082580649919698,52.2,750
primary,normal,0.8086741911126137,52.3,750
primary,normal,0.8089467343193505,52.4,750
primary,normal,0.8091569928172863,52.5,750
primary,normal,0.8092180924700444,52.6,750
primary,normal,0.8092664772370795,52.7,750
primary,normal,0.8094205830700385,52.8,750
primary,normal,0.8096020888674087,52.9,750
primary,normal,0.809815238330308,53.0,750
primary,normal,0.8099801256198389,53.1,750
primary,normal,0.8103685870292477,53.2,750
primary,normal,0.810930491913663,53.3,750
primary,normal,0.8110302197359573,53.4,750
primary,normal,0.8113422845941222,53.5,750
primary,normal,0.8117315290045052,53.6,750
primary,normal,0.8124925168830829,53.7,750
primary,normal,0.81260916081473,53.8,750
primary,normal,0.8128236107692095,53.9,750
primary,normal,0.8128897696792047,54.0,750
primary,normal,0.8132072473167351,54.1,750
primary,normal,0.8135466129579284,54.2,750
primary,normal,0.8139588120972626,54.3,750
primary,normal,0.8140625705407202,54.4,750
primary,normal,0.8143903177608962,54.5,750
primary,normal,0.8145718929638898,54.6,750
primary,normal,0.814792291659487,54.7,750
primary,normal,0.815083390723549,54.8,750
primary,normal,0.8151644621928618,54.9,750
primary,normal,0.8152743812506853,55.0,750
primary,normal,0.81538130870028,55.1,750
primary,normal,0.8154327988418703,55.2,750
primary,normal,0.8154951783085453,55.3,750
primary,normal,0.8155351869049308,55.4,750
primary,normal,0.8159651216026158,55.5,750
primary,normal,0.8164756972781809,55.6,750
primary,normal,0.8165956348909948,55.7,750
primary,normal,0.8166996341241983,55.8,750
primary,normal,0.8170351637116888,55.9,750
primary,normal,0.817084528851873,56.0,750
primary,normal,0.8171100727958944,56.1,750
primary,normal,0.8172594479803625,56.2,750
primary,normal,0.8178022881337824,56.3,750
primary,normal,0.818078830855643,56.4,750
primary,normal,0.8182531663559002,56.5,750
primary,normal,0.8185131974998591,56.6,750
primary,normal,0.8188347408425063,56.7,750
primary,normal,0.8190097695812121,56.8,750
primary,normal,0.819168493752174,56.9,750
primary,normal,0.8192575901417893,57.0,750
primary,normal,0.8192998093921421,57.1,750
primary,normal,0.8193589947143699,57.2,750
primary,normal,0.8193777568961056,57.3,750
primary,normal,0.8194337316459781,57.4,750
primary,normal,0.8194387803608368,57.5,750
primary,normal,0.8194930306815656,57.6,750
primary,normal,0.8195014553992342,57.7,750
primary,normal,0.8197113470268792,57.8,750
primary,normal,0.8197483372801888,57.9,750
primary,normal,0.8199024003500478,58.0,750
primary,normal,0.820468246938669,58.1,750
primary,normal,0.8209998509768692,58.2,750
primary,normal,0.8211075748284208,58.3,750
primary,normal,0.8214903100264144,58.4,750
primary,normal,0.8224895074953626,58.5,750
primary,normal,0.8227872990304657,58.6,750
primary,normal,0.8230250642138067,58.7,750
primary,normal,0.823129482054758,58.8,750
primary,normal,0.8231547943562653,58.9,750
primary,normal,0.823163866927257,59.0,750
primary,normal,0.8231919304331458,59.1,750
primary,normal,0.8232004141370228,59.2,750
primary,normal,0.8233419706829632,59.3,750
primary,normal,0.8236058543855954,59.4,750
primary,normal,0.8237375043857732,59.5,750
primary,normal,0.8239818737095772,59.6,750
primary,normal,0.8246181159723984,59.7,750
primary,normal,0.8247554855865596,59.8,750
primary,normal,0.8250155142171707,59.9,750
primary,normal,0.8252589623960859,60.0,750
primary,normal,0.825452293740193,60.1,750
primary,normal,0.8255243193105388,60.2,750
primary,normal,0.8255670980826151,60.3,750
primary,normal,0.8256063281974655,60.4,750
primary,normal,0.8257393207515827,60.5,750
primary,normal,0.82615681982236,60.6,750
primary,normal,0.8266018324384778,60.7,750
primary,normal,0.8267633854987688,60.8,750
primary,normal,0.8268429779337685,60.9,750
primary,normal,0.826959741244428,61.0,750
primary,normal,0.8270018270347551,61.1,750
primary,normal,0.8270143722356363,61.2,750
primary,normal,0.8271725473066778,61.3,750
primary,normal,0.8272304521718313,61.4,750
primary,normal,0.8272653835646289,61.5,750
primary,normal,0.8272834843707803,61.6,750
primary,normal,0.827353996625034,61.7,750
primary,normal,0.8274570685770262,61.8,750
primary,normal,0.8274908456718014,61.9,750
primary,normal,0.8275049976227111,62.0,750
primary,normal,0.827519878415642,62.1,750
primary,normal,0.827587686035392,62.2,750
primary,normal,0.8276068931017524,62.3,750
primary,normal,0.8277183423119377,62.4,750
primary,normal,0.8280018288971795,62.5,750
primary,normal,0.8280657484045013,62.6,750
primary,normal,0.8282286424199069,62.7,750
primary,normal,0.8285317394212617,62.8,750
primary,normal,0.8287589540044574,62.9,750
primary,normal,0.8289363914946324,63.0,750
primary,normal,0.8290815569913697,63.1,750
primary,normal,0.8291169903567724,63.2,750
primary,normal,0.829519089515198,63.3,750
primary,normal,0.8300449598762919,63.4,750
primary,normal,0.8312117444463442,63.5,750
primary,normal,0.831267331302971,63.6,750
primary,normal,0.8312867153655259,63.7,750
primary,normal,0.8314167776742115,63.8,750
primary,normal,0.8315130992397374,63.9,750
primary,normal,0.831681389094585,64.0,750
primary,normal,0.8317134530240416,64.1,750
primary,normal,0.8318192276405277,64.2,750
primary,normal,0.8318964511308441,64.3,750
primary,normal,0.8319647372272508,64.4,750
primary,normal,0.8320781383830922,64.5,750
primary,normal,0.8321254898855492,64.6,750
primary,normal,0.8321542006996135,64.7,750
primary,normal,0.8321682978207311,64.8,750
primary,normal,0.8321708126254433,64.9,750
primary,normal,0.8322345696309462,65.0,750
primary,normal,0.8322752240127814,65.1,750
primary,normal,0.8322941563845707,65.2,750
primary,normal,0.8324008978788261,65.3,750
primary,normal,0.8325128104379037,65.4,750
primary,normal,0.8325787961717026,65.5,750
primary,normal,0.8326209017219003,65.6,750
primary,normal,0.8326971340977726,65.7,750
primary,normal,0.8327258815153544,65.8,750
primary,normal,0.8327747198100482,65.9,750
primary,normal,0.8328044431592422,66.0,750
primary,normal,0.8328770115326023,66.1,750
primary,normal,0.8329678596510041,66.2,750
primary,normal,0.8330770029035435,66.3,750
primary,normal,0.8331410987977769,66.4,750
primary,normal,0.8332540723707955,66.5,750
primary,normal,0.833339326536037,66.6,750
primary,normal,0.8333573525118588,66.7,750
primary,normal,0.8333779079386906,66.8,750
primary,normal,0.8333786837412795,66.9,750
primary,normal,0.8334514933918631,67.0,750
primary,normal,0.8335603000892828,67.1,750
primary,normal,0.8336433313389835,67.2,750
primary,normal,0.8336856428871564,67.3,750
primary,normal,0.8337123147355092,67.4,750
primary,normal,0.8337461790953873,67.5,750
primary,normal,0.8337560306468195,67.6,750
primary,normal,0.8337645688134517,67.7,750
primary,normal,0.8337814853740898,67.8,750
primary,normal,0.8338618464898346,67.9,750
primary,normal,0.8341117545988525,68.0,750
primary,normal,0.834146487943575,68.1,750
primary,normal,0.8341516700170463,68.2,750
primary,normal,0.8341582657283729,68.3,750
primary,normal,0.8342168618514406,68.4,750
primary,normal,0.8342470811392821,68.5,750
primary,normal,0.8342477933779799,68.6,750
primary,normal,0.8342598451068824,68.7,750
primary,normal,0.8342658431535223,68.8,750
primary,normal,0.8342993471020629,68.9,750
primary,normal,0.8345503955086228,69.0,750
primary,normal,0.8347027356461798,69.1,750
primary,normal,0.8347989515772802,69.2,750
primary,normal,0.8349054451127559,69.3,750
primary,normal,0.834963822559151,69.4,750
primary,normal,0.8349795411986711,69.5,750
primary,normal,0.8349849821134009,69.6,750
primary,normal,0.8350104940225247,69.7,750
primary,normal,0.8350257403619288,69.8,750
primary,normal,0.8351034757561723,69.9,750
primary,normal,0.8352457004683967,70.0,750
primary,normal,0.8352705663847109,70.1,750
primary,normal,0.8353221531330277,70.2,750
primary,normal,0.8354345609469999,70.3,750
primary,normal,0.8354661529111581,70.4,750
primary,normal,0.8354983230492536,70.5,750
primary,normal,0.8355597566524724,70.6,750
primary,normal,0.8356181737048968,70.7,750
primary,normal,0.8356334412268763,70.8,750
primary,normal,0.8356384170955491,70.9,750
primary,normal,0.8356524861536815,71.0,750
primary,normal,0.8356571727711969,71.1,750
primary,normal,0.8356592037589875,71.2,750
primary,normal,0.8356638041845365,71.3,750
primary,normal,0.8356675418626165,71.4,750
primary,normal,0.8356680624977779,71.5,750
primary,normal,0.8356704760522412,71.6,750
primary,normal,0.8357100941841639,71.7,750
primary,normal,0.8359111895797376,71.8,750
primary,normal,0.8359677841989489,71.9,750
primary,normal,0.8360165639210232,72.0,750
primary,normal,0.8360673200768521,72.1,750
primary,normal,0.836171489897645,72.2,750
primary,normal,0.8362508652465659,72.3,750
primary,normal,0.8363101249310989,72.4,750
primary,normal,0.8363169507878179,72.5,750
primary,normal,0.836322629346274,72.6,750
primary,normal,0.8363248080558608,72.7,750
primary,normal,0.8363248080558608,72.8,750
primary,normal,0.8363287125260955,72.9,750
primary,normal,0.8365539625310999,73.0,750
primary,normal,0.8368410290291793,73.1,750
primary,normal,0.8368623354194072,73.2,750
primary,normal,0.8368699441644003,73.3,750
primary,normal,0.8368703747019539,73.4,750
primary,normal,0.8368922510633495,73.5,750
primary,normal,0.8369309287295302,73.6,750
primary,normal,0.836948284165954,73.7,750
primary,normal,0.8369653555577395,73.8,750
primary,normal,0.8369804208320717,73.9,750
primary,normal,0.8369857186326268,74.0,750
primary,normal,0.8369914894665059,74.1,750
primary,normal,0.8371826753208833,74.2,750
primary,normal,0.8371939766457094,74.3,750
primary,normal,0.8372132639140489,74.4,750
primary,normal,0.8372132639140489,74.5,750
primary,normal,0.8372144024624082,74.6,750
primary,normal,0.8372155469618965,74.7,750
primary,normal,0.8372200274654952,74.8,750
primary,normal,0.8372218238853673,74.9,750
primary,normal,0.8372231907695389,75.0,750
primary,normal,0.8372231907695389,75.1,750
primary,normal,0.8372468903497577,75.2,750
primary,normal,0.8373871398160604,75.3,750
primary,normal,0.8374295704628066,75.4,750
primary,normal,0.8374805448518662,75.5,750
primary,normal,0.8374965977193259,75.6,750
primary,normal,0.8375119717353214,75.7,750
primary,normal,0.8375557585477768,75.8,750
primary,normal,0.8375664235415624,75.9,750
primary,normal,0.8375847796289883,76.0,750
primary,normal,0.8376492354691037,76.1,750
primary,normal,0.8377003003403211,76.2,750
primary,normal,0.8377118096746448,76.3,750
primary,normal,0.8377171265439943,76.4,750
primary,normal,0.8377204193045096,76.5,750
primary,normal,0.8377296315127517,76.6,750
primary,normal,0.8378981264003669,76.7,750
primary,normal,0.8381286602680373,76.8,750
primary,normal,0.8382067345700147,76.9,750
primary,normal,0.8382317391043972,77.0,750
primary,normal,0.838232731118493,77.1,750
primary,normal,0.8382349580022461,77.2,750
primary,normal,0.8382538593753974,77.3,750
primary,normal,0.8382578360682519,77.4,750
primary,normal,0.8382700291363626,77.5,750
primary,normal,0.8382837147568853,77.6,750
primary,normal,0.8382880345455354,77.7,750
primary,normal,0.8383105786220105,77.8,750
primary,normal,0.8383136753457703,77.9,750
primary,normal,0.8383136753457703,78.0,750
primary,normal,0.8383160325142806,78.1,750
primary,normal,0.8383199413612528,78.2,750
primary,normal,0.8383495709461285,78.3,750
primary,normal,0.8383990469237455,78.4,750
primary,normal,0.8384520691870931,78.5,750
primary,normal,0.8384659672717286,78.6,750
primary,normal,0.838480535974989,78.7,750
primary,normal,0.8384809134579195,78.8,750
primary,normal,0.8384809134579195,78.9,750
primary,normal,0.8384863468501101,79.0,750
primary,normal,0.8384867901120416,79.1,750
primary,normal,0.8384867901120416,79.2,750
primary,normal,0.8384881108728517,79.3,750
primary,normal,0.8384972308848059,79.4,750
primary,normal,0.8384989864102516,79.5,750
primary,normal,0.8384989864102516,79.6,750
primary,normal,0.8384999337249093,79.7,750
primary,normal,0.8385081816418019,79.8,750
primary,normal,0.83851939559114,79.9,750
primary,normal,0.8385256829188873,80.0,750
primary,normal,0.8385331726952018,80.1,750
primary,normal,0.8385358102858369,80.2,750
primary,normal,0.8385749829581693,80.3,750
primary,normal,0.8385978586266525,80.4,750
primary,normal,0.8386014397200838,80.5,750
primary,normal,0.8386020198377141,80.6,750
primary,normal,0.8386124108229237,80.7,750
primary,normal,0.8386126901226766,80.8,750
primary,normal,0.8386560342446774,80.9,750
primary,normal,0.8388416687865538,81.0,750
primary,normal,0.8389318123727795,81.1,750
primary,normal,0.8389640391498959,81.2,750
primary,normal,0.8389709735628212,81.3,750
primary,normal,0.838972915413328,81.4,750
primary,normal,0.8389792426026387,81.5,750
primary,normal,0.8389896526541455,81.6,750
primary,normal,0.8389900722573025,81.7,750
primary,normal,0.8390041331066569,81.8,750
primary,normal,0.8390229056304981,81.9,750
primary,normal,0.8390325062819907,82.0,750
primary,normal,0.8390371757778413,82.1,750
primary,normal,0.8393235093760988,82.2,750
primary,normal,0.8393251490423111,82.3,750
primary,normal,0.8393510517893046,82.4,750
primary,normal,0.8393633180645446,82.5,750
primary,normal,0.8393920226853596,82.6,750
primary,normal,0.8394178841353455,82.7,750
primary,normal,0.8394212762166762,82.8,750
primary,normal,0.8394317349528696,82.9,750
primary,normal,0.8394421135226781,83.0,750
primary,normal,0.8394474273138539,83.1,750
primary,normal,0.8396047568007814,83.2,750
primary,normal,0.839682958050464,83.3,750
primary,normal,0.839717380514167,83.4,750
primary,normal,0.8397322260958137,83.5,750
primary,normal,0.8398673036207581,83.6,750
primary,normal,0.8398684800283619,83.7,750
primary,normal,0.8398696517423836,83.8,750
primary,normal,0.8398725725063213,83.9,750
primary,normal,0.8398732010420279,84.0,750
primary,normal,0.8398732010420279,84.1,750
primary,normal,0.8398781881178331,84.2,750
primary,normal,0.839883988998554,84.3,750
primary,normal,0.8398876026045027,84.4,750
primary,normal,0.8398894275646066,84.5,750
primary,normal,0.8398900685421327,84.6,750
primary,normal,0.8398948400226357,84.7,750
primary,normal,0.8398992156702284,84.8,750
primary,normal,0.8398996653581562,84.9,750
primary,normal,0.8398996653581562,85.0,750
primary,normal,0.840100965149709,85.1,750
primary,normal,0.840100965149709,85.2,750
primary,normal,0.840100965149709,85.3,750
primary,normal,0.8401089802531839,85.4,750
primary,normal,0.8401099352163126,85.5,750
primary,normal,0.8401370971482673,85.6,750
primary,normal,0.8401673438484433,85.7,750
primary,normal,0.8401834545183057,85.8,750
primary,normal,0.8402857446924631,85.9,750
primary,normal,0.8403121107019694,86.0,750
primary,normal,0.8403159996805639,86.1,750
primary,normal,0.8403168262331814,86.2,750
primary,normal,0.8403174325970826,86.3,750
primary,normal,0.8403210532634505,86.4,750
primary,normal,0.8403291942281353,86.5,750
primary,normal,0.8403413820478061,86.6,750
primary,normal,0.8403485401213622,86.7,750
primary,normal,0.8403485401213622,86.8,750
primary,normal,0.8403485401213622,86.9,750
primary,normal,0.8403485401213622,87.0,750
primary,normal,0.8403489275489868,87.1,750
primary,normal,0.8403510233275099,87.2,750
primary,normal,0.8403589148540598,87.3,750
primary,normal,0.8403647618883926,87.4,750
primary,normal,0.8403715251241883,87.5,750
primary,normal,0.8403742361224028,87.6,750
primary,normal,0.8403742361224028,87.7,750
primary,normal,0.8403748173864904,87.8,750
primary,normal,0.8403834677174113,87.9,750
primary,normal,0.8403945582355562,88.0,750
primary,normal,0.8403945582355562,88.1,750
primary,normal,0.8403945582355562,88.2,750
primary,normal,0.8403970646962049,88.3,750
primary,normal,0.8404020977585879,88.4,750
primary,normal,0.8404194176207265,88.5,750
primary,normal,0.8404228114063123,88.6,750
primary,normal,0.840423947443071,88.7,750
primary,normal,0.8404384751276819,88.8,750
primary,normal,0.8404523627556674,88.9,750
primary,normal,0.8404561097441692,89.0,750
primary,normal,0.8404609718316692,89.1,750
primary,normal,0.8404609718316692,89.2,750
primary,normal,0.8404609718316692,89.3,750
primary,normal,0.8404609718316692,89.4,750
primary,normal,0.8404609718316692,89.5,750
primary,normal,0.8404654422864202,89.6,750
primary,normal,0.8404658648516646,89.7,750
primary,normal,0.8404658648516646,89.8,750
primary,normal,0.840466690003523,89.9,750
primary,normal,0.8404707357480647,90.0,750
primary,normal,0.8404707357480647,90.1,750
primary,normal,0.8404707357480647,90.2,750
primary,normal,0.8404707357480647,90.3,750
primary,normal,0.8404707357480647,90.4,750
primary,normal,0.8404707357480647,90.5,750
primary,normal,0.8404707357480647,90.6,750
primary,normal,0.8404707357480647,90.7,750
primary,normal,0.8404707357480647,90.8,750
primary,normal,0.8404707357480647,90.9,750
primary,normal,0.8404727316445839,91.0,750
primary,normal,0.8404727316445839,91.1,750
primary,normal,0.8404727316445839,91.2,750
primary,normal,0.8404727316445839,91.3,750
primary,normal,0.8404737438817463,91.4,750
primary,normal,0.8405269292242694,91.5,750
primary,normal,0.8405454099120592,91.6,750
primary,normal,0.840549252660306,91.7,750
primary,normal,0.8405534235268151,91.8,750
primary,normal,0.840554016161968,91.9,750
primary,normal,0.8405544708553789,92.0,750
primary,normal,0.8405544708553789,92.1,750
primary,normal,0.8405544708553789,92.2,750
primary,normal,0.8405544708553789,92.3,750
primary,normal,0.8405544708553789,92.4,750
primary,normal,0.8405806331064039,92.5,750
primary,normal,0.8405992024382406,92.6,750
primary,normal,0.8406071463504748,92.7,750
primary,normal,0.8406239044431403,92.8,750
primary,normal,0.840649948554493,92.9,750
primary,normal,0.8406986381854328,93.0,750
primary,normal,0.8407075024521993,93.1,750
primary,normal,0.8407173719205242,93.2,750
primary,normal,0.8407230095582533,93.3,750
primary,normal,0.840731677028756,93.4,750
primary,normal,0.840731677028756,93.5,750
primary,normal,0.8407819797916238,93.6,750
primary,normal,0.8408118219464435,93.7,750
primary,normal,0.8408717720873171,93.8,750
primary,normal,0.8408971808863901,93.9,750
primary,normal,0.8409089038557469,94.0,750
primary,normal,0.8409106477860183,94.1,750
primary,normal,0.8409128746393651,94.2,750
primary,normal,0.8409185772102145,94.3,750
primary,normal,0.840931973752376,94.4,750
primary,normal,0.84093210949463,94.5,750
primary,normal,0.8409384072276546,94.6,750
primary,normal,0.8409391702445201,94.7,750
primary,normal,0.8409969053314661,94.8,750
primary,normal,0.8410251665956733,94.9,750
primary,normal,0.8411076140443987,95.0,750
primary,normal,0.8411503160672064,95.1,750
primary,normal,0.8413035500116728,95.2,750
primary,normal,0.8413367482818387,95.3,750
primary,normal,0.8413992182833563,95.4,750
primary,normal,0.8415067987550908,95.5,750
primary,normal,0.8416179351186435,95.6,750
primary,normal,0.8416567923667196,95.7,750
primary,normal,0.8417124470735078,95.8,750
primary,normal,0.8417124470735078,95.9,750
primary,normal,0.841715433201282,96.0,750
primary,normal,0.8417184896149867,96.1,750
primary,normal,0.8417275175327862,96.2,750
primary,normal,0.8417593535328127,96.3,750
primary,normal,0.8418451188342932,96.4,750
primary,normal,0.8419032037320444,96.5,750
primary,normal,0.8420278419587574,96.6,750
primary,normal,0.8420596147236205,96.7,750
primary,normal,0.8420802959237744,96.8,750
primary,normal,0.8421362131366501,96.9,750
primary,normal,0.8421763604921293,97.0,750
primary,normal,0.8421870802002789,97.1,750
primary,normal,0.8421911827776403,97.2,750
primary,normal,0.842199520669883,97.3,750
primary,normal,0.8422076173492824,97.4,750
primary,normal,0.8422076173492824,97.5,750
primary,normal,0.8425249081089705,97.6,750
primary,normal,0.842602746825905,97.7,750
primary,normal,0.8426165741502077,97.8,750
primary,normal,0.8426232322264297,97.9,750
primary,normal,0.8426670759526828,98.0,750
primary,normal,0.8429591694563245,98.1,750
primary,normal,0.8430576242251259,98.2,750
primary,normal,0.8433145279397593,98.3,750
primary,normal,0.8436301959962624,98.4,750
primary,normal,0.8439596883918615,98.5,750
primary,normal,0.8444185553076797,98.6,750
primary,normal,0.8447555280042831,98.7,750
primary,normal,0.8450631315472195,98.8,750
primary,normal,0.8453328284083585,98.9,750
primary,normal,0.8455881003608867,99.0,750
primary,normal,0.8457907474505749,99.1,750
primary,normal,0.8459945628816626,99.2,750
primary,normal,0.8463376120317783,99.3,750
primary,normal,0.8472170353771336,99.4,750
primary,normal,0.8479687172526884,99.5,750
primary,normal,0.8483837898850761,99.6,750
primary,normal,0.8486146189837637,99.7,750
primary,normal,0.8488084495391293,99.8,750
primary,normal,0.8488175030363423,99.9,750
primary,normal,0.8488176468312466,100.0,750
primary,normal,0.8488176468312466,100.1,750
primary,normal,0.8488176468312466,100.2,750
primary,normal,0.8488441998564085,100.3,750
primary,normal,0.848862209084036,100.4,750
primary,normal,0.8488627346826897,100.5,750
primary,normal,0.8488636336906815,100.6,750
primary,normal,0.8488670100524003,100.7,750
primary,normal,0.8488685171122589,100.8,750
primary,normal,0.848870954906294,100.9,750
primary,normal,0.8488853180681952,101.0,750
primary,normal,0.8488865207017503,101.1,750
primary,normal,0.8488865207017503,101.2,750
primary,normal,0.8488865207017503,101.3,750
primary,normal,0.8489333509987875,101.4,750
primary,normal,0.8489532227906177,101.5,750
primary,normal,0.8489532227906177,101.6,750
primary,normal,0.8489541115099019,101.7,750
primary,normal,0.849020665389732,101.8,750
primary,normal,0.8490327318347842,101.9,750
primary,normal,0.849114600867193,102.0,750
primary,normal,0.8491228478370196,102.1,750
primary,normal,0.8491228478370196,102.2,750
primary,normal,0.8491277592235288,102.3,750
primary,normal,0.8491297995778361,102.4,750
primary,normal,0.8491297995778361,102.5,750
primary,normal,0.8491716465396159,102.6,750
primary,normal,0.8491750494323606,102.7,750
primary,normal,0.8491822589715519,102.8,750
primary,normal,0.8491896602264184,102.9,750
primary,normal,0.8491896602264184,103.0,750
primary,normal,0.8492522734433219,103.1,750
primary,normal,0.8493295481847845,103.2,750
primary,normal,0.8493422436626223,103.3,750
primary,normal,0.8493638294887249,103.4,750
primary,normal,0.8493638294887249,103.5,750
primary,normal,0.8493868508753282,103.6,750
primary,normal,0.8493915002369552,103.7,750
primary,normal,0.8494331331321574,103.8,750
primary,normal,0.8494395917729617,103.9,750
primary,normal,0.8494424453908647,104.0,750
primary,normal,0.8494562464937137,104.1,750
primary,normal,0.8494940170694224,104.2,750
primary,normal,0.8494971927204131,104.3,750
primary,normal,0.8495085049786023,104.4,750
primary,normal,0.8495175903060002,104.5,750
primary,normal,0.849528038201176,104.6,750
primary,normal,0.8495947911077899,104.7,750
primary,normal,0.8495984522022066,104.8,750
primary,normal,0.8495984522022066,104.9,750
primary,normal,0.8496287174389509,105.0,750
primary,normal,0.8496287174389509,105.1,750
primary,normal,0.8496316517551236,105.2,750
primary,normal,0.8496316517551236,105.3,750
primary,normal,0.8496422711282297,105.4,750
primary,normal,0.8496426004386763,105.5,750
primary,normal,0.8496628212119994,105.6,750
primary,normal,0.8496634622864355,105.7,750
primary,normal,0.8496818020432919,105.8,750
primary,normal,0.8496833828892673,105.9,750
primary,normal,0.8496833828892673,106.0,750
primary,normal,0.8496844023124628,106.1,750
primary,normal,0.8497053698794494,106.2,750
primary,normal,0.8497275966976119,106.3,750
primary,normal,0.8497320835665005,106.4,750
primary,normal,0.8497339223693449,106.5,750
primary,normal,0.8497403562276836,106.6,750
primary,normal,0.8497403562276836,106.7,750
primary,normal,0.8497411657206811,106.8,750
primary,normal,0.8497411657206811,106.9,750
primary,normal,0.8497711026491412,107.0,750
primary,normal,0.8497719222565118,107.1,750
primary,normal,0.84977250207995,107.2,750
primary,normal,0.84977250207995,107.3,750
primary,normal,0.8497740525535937,107.4,750
primary,normal,0.8497740525535937,107.5,750
primary,normal,0.8497740525535937,107.6,750
primary,normal,0.8497754515673476,107.7,750
primary,normal,0.8498121361034525,107.8,750
primary,normal,0.8499025825130585,107.9,750
primary,normal,0.849906182663989,108.0,750
primary,normal,0.849906182663989,108.1,750
primary,normal,0.8499068920822009,108.2,750
primary,normal,0.8499080092956037,108.3,750
primary,normal,0.8499080092956037,108.4,750
primary,normal,0.8499080092956037,108.5,750
primary,normal,0.8499123204060053,108.6,750
primary,normal,0.8499123204060053,108.7,750
primary,normal,0.8499123204060053,108.8,750
primary,normal,0.8499342652113173,108.9,750
primary,normal,0.8499922307591505,109.0,750
primary,normal,0.8500741070576294,109.1,750
primary,normal,0.8500741070576294,109.2,750
primary,normal,0.8500741070576294,109.3,750
primary,normal,0.8500741070576294,109.4,750
primary,normal,0.8500741070576294,109.5,750
primary,normal,0.8500741070576294,109.6,750
primary,normal,0.8500741070576294,109.7,750
primary,normal,0.8500859000485622,109.8,750
primary,normal,0.8500902512933519,109.9,750
primary,normal,0.8500919580026994,110.0,750
primary,normal,0.8500938581579572,110.1,750
primary,normal,0.8500951096237521,110.2,750
primary,normal,0.8500951096237521,110.3,750
primary,normal,0.8501054529772514,110.4,750
primary,normal,0.8501255326226956,110.5,750
primary,normal,0.8501400640054099,110.6,750
primary,normal,0.8501400640054099,110.7,750
primary,normal,0.8501400640054099,110.8,750
primary,normal,0.8501410041776819,110.9,750
primary,normal,0.8501410041776819,111.0,750
primary,normal,0.8501410041776819,111.1,750
primary,normal,0.8501410041776819,111.2,750
primary,normal,0.8501410041776819,111.3,750
primary,normal,0.8501410041776819,111.4,750
primary,normal,0.850148289185416,111.5,750
primary,normal,0.8501558308536453,111.6,750
primary,normal,0.850157282616732,111.7,750
primary,normal,0.850157282616732,111.8,750
primary,normal,0.850157282616732,111.9,750
primary,normal,0.8501577489097698,112.0,750
primary,normal,0.8501577489097698,112.1,750
primary,normal,0.8501595738374125,112.2,750
primary,normal,0.8501595738374125,112.3,750
primary,normal,0.8501595738374125,112.4,750
primary,normal,0.8501604693263239,112.5,750
primary,normal,0.8501613363325009,112.6,750
primary,normal,0.8501613363325009,112.7,750
primary,normal,0.8501613363325009,112.8,750
primary,normal,0.8502101035132293,112.9,750
primary,normal,0.8502101035132293,113.0,750
primary,normal,0.8502101035132293,113.1,750
primary,normal,0.8502101035132293,113.2,750
primary,normal,0.8502101035132293,113.3,750
primary,normal,0.8502101035132293,113.4,750
primary,normal,0.8502101035132293,113.5,750
primary,normal,0.8502143759324352,113.6,750
primary,normal,0.8502143759324352,113.7,750
primary,normal,0.8502279497068648,113.8,750
primary,normal,0.8502293248617527,113.9,750
primary,normal,0.8502293248617527,114.0,750
primary,normal,0.8502293248617527,114.1,750
primary,normal,0.8502293248617527,114.2,750
primary,normal,0.8502293248617527,114.3,750
primary,normal,0.8502296292794435,114.4,750
primary,normal,0.8502296292794435,114.5,750
primary,normal,0.8502296292794435,114.6,750
primary,normal,0.8502296292794435,114.7,750
primary,normal,0.8502296292794435,114.8,750
primary,normal,0.8502296292794435,114.9,750
primary,normal,0.8502296292794435,115.0,750
primary,normal,0.8502302086520409,115.1,750
primary,normal,0.8502582842863325,115.2,750
primary,normal,0.8503386512316101,115.3,750
primary,normal,0.8503504829635041,115.4,750
primary,normal,0.850368940231434,115.5,750
primary,normal,0.8503913072728051,115.6,750
primary,normal,0.8503913072728051,115.7,750
primary,normal,0.8503914431030274,115.8,750
primary,normal,0.8503919881587757,115.9,750
primary,normal,0.8503930358535864,116.0,750
primary,normal,0.8503948985805587,116.1,750
primary,normal,0.8503948985805587,116.2,750
primary,normal,0.8503948985805587,116.3,750
primary,normal,0.8504016164182598,116.4,750
primary,normal,0.8504205505823607,116.5,750
primary,normal,0.8504819058298959,116.6,750
primary,normal,0.8504840253087634,116.7,750
primary,normal,0.8504994358026202,116.8,750
primary,normal,0.8505271495629809,116.9,750
primary,normal,0.8505408882469733,117.0,750
primary,normal,0.8505439064527582,117.1,750
primary,normal,0.8505482021139801,117.2,750
primary,normal,0.8505488032741527,117.3,750
primary,normal,0.8506329990913816,117.4,750
primary,normal,0.8506384132951735,117.5,750
primary,normal,0.8506384132951735,117.6,750
primary,normal,0.8506384132951735,117.7,750
primary,normal,0.8506386002351629,117.8,750
primary,normal,0.8506386002351629,117.9,750
primary,normal,0.8506386002351629,118.0,750
primary,normal,0.8506402481394559,118.1,750
primary,normal,0.8506450958900638,118.2,750
primary,normal,0.8506483499289285,118.3,750
primary,normal,0.8506535816549564,118.4,750
primary,normal,0.8506535816549564,118.5,750
primary,normal,0.8506562617238411,118.6,750
primary,normal,0.8506640879407381,118.7,750
primary,normal,0.8506651359299402,118.8,750
primary,normal,0.850672152318029,118.9,750
primary,normal,0.8507304350698165,119.0,750
primary,normal,0.8507469694658809,119.1,750
primary,normal,0.8508559363086524,119.2,750
primary,normal,0.8508746025144449,119.3,750
primary,normal,0.8508746025144449,119.4,750
primary,normal,0.8508764094595037,119.5,750
primary,normal,0.8508770230383818,119.6,750
primary,normal,0.8508770230383818,119.7,750
primary,normal,0.8508770230383818,119.8,750
primary,normal,0.8508770230383818,119.9,750
primary,normal,0.8508819936820207,120.0,750
secondary,normal,0.05442588306690788,0.0,1000
secondary,normal,0.07166357574928642,0.1,1000
secondary,normal,0.091101428843598,0.2,1000
secondary,normal,0.1120674726186431,0.3,1000
secondary,normal,0.12700083942841872,0.4,1000
secondary,normal,0.1411304595918682,0.5,1000
secondary,normal,0.15284784720033937,0.6,1000
secondary,normal,0.16361176591344326,0.7,1000
secondary,normal,0.17642207911888172,0.8,1000
secondary,normal,0.18732153345858574,0.9,1000
secondary,normal,0.19699257363895822,1.0,1000
secondary,normal,0.2068289555570969,1.1,1000
secondary,normal,0.21729066870638497,1.2,1000
secondary,normal,0.22657813258315387,1.3,1000
secondary,normal,0.2352416499459056,1.4,1000
secondary,normal,0.24427188657219714,1.5,1000
secondary,normal,0.25162055699047214,1.6,1000
secondary,normal,0.2586608760778732,1.7,1000
secondary,normal,0.26586796895639486,1.8,1000
secondary,normal,0.2742334401270236,1.9,1000
secondary,normal,0.2852049314959276,2.0,1000
secondary,normal,0.2948454260098251,2.1,1000
secondary,normal,0.3031195029124445,2.2,1000
secondary,normal,0.3105247696820509,2.3,1000
secondary,normal,0.31559036748901115,2.4,1000
secondary,normal,0.3214628559684737,2.5,1000
secondary,normal,0.32550495438727883,2.6,1000
secondary,normal,0.33128831419378973,2.7,1000
secondary,normal,0.33676503810100883,2.8,1000
secondary,normal,0.3432991766120874,2.9,1000
secondary,normal,0.3501926548084411,3.0,1000
secondary,normal,0.35586201462992967,3.1,1000
secondary,normal,0.36189187578698223,3.2,1000
secondary,normal,0.36874751626518426,3.3,1000
secondary,normal,0.3750446226028382,3.4,1000
secondary,normal,0.3800641023878927,3.5,1000
secondary,normal,0.3854924665471834,3.6,1000
secondary,normal,0.3913442104926269,3.7,1000
secondary,normal,0.3971505781014041,3.8,1000
secondary,normal,0.4021948956349704,3.9,1000
secondary,normal,0.40713340179990365,4.0,1000
secondary,normal,0.41247654106519727,4.1,1000
secondary,normal,0.4171092546375054,4.2,1000
secondary,normal,0.4212318141923323,4.3,1000
secondary,normal,0.42554340695375426,4.4,1000
secondary,normal,0.4308868785590253,4.5,1000
secondary,normal,0.4380746419027547,4.6,1000
secondary,normal,0.4437527742675641,4.7,1000
secondary,normal,0.44880313185858545,4.8,1000
secondary,normal,0.4544803249810337,4.9,1000
secondary,normal,0.4614241734125847,5.0,1000
secondary,normal,0.4690875295519108,5.1,1000
secondary,normal,0.4751615873767354,5.2,1000
secondary,normal,0.4814944378658503,5.3,1000
secondary,normal,0.48836939528676093,5.4,1000
secondary,normal,0.4931219712672188,5.5,1000
secondary,normal,0.4974272439168465,5.6,1000
secondary,normal,0.5011435464351028,5.7,1000
secondary,normal,0.5047850292379237,5.8,1000
secondary,normal,0.5085505362642729,5.9,1000
secondary,normal,0.511791324819307,6.0,1000
secondary,normal,0.5150767457966984,6.1,1000
secondary,normal,0.5190027843918253,6.2,1000
secondary,normal,0.5238275978417115,6.3,1000
secondary,normal,0.5278028923244381,6.4,1000
secondary,normal,0.5319490269121621,6.5,1000
secondary,normal,0.5359282730867895,6.6,1000
secondary,normal,0.5385639160876035,6.7,1000
secondary,normal,0.5423820854008419,6.8,1000
secondary,normal,0.544821279281541,6.9,1000
secondary,normal,0.5470903628323733,7.0,1000
secondary,normal,0.5500186556399456,7.1,1000
secondary,normal,0.552863053939198,7.2,1000
secondary,normal,0.5564081990537928,7.3,1000
secondary,normal,0.5600838225295354,7.4,1000
secondary,normal,0.563611355507761,7.5,1000
secondary,normal,0.5663946817531834,7.6,1000
secondary,normal,0.5698028177358577,7.7,1000
secondary,normal,0.5721455054154032,7.8,1000
secondary,normal,0.5752399587971669,7.9,1000
secondary,normal,0.5771569746354451,8.0,1000
secondary,normal,0.5797662327914199,8.1,1000
secondary,normal,0.5818625343942191,8.2,1000
secondary,normal,0.583720044968342,8.3,1000
secondary,normal,0.5853166773663919,8.4,1000
secondary,normal,0.5868634241462893,8.5,1000
secondary,normal,0.5885610174995146,8.6,1000
secondary,normal,0.5914407160022989,8.7,1000
secondary,normal,0.5933390872852901,8.8,1000
secondary,normal,0.5960973321959682,8.9,1000
secondary,normal,0.5994756311528746,9.0,1000
secondary,normal,0.601312454947514,9.1,1000
secondary,normal,0.6032249474713268,9.2,1000
secondary,normal,0.6054147716792296,9.3,1000
secondary,normal,0.6081561255183437,9.4,1000
secondary,normal,0.6109501664297626,9.5,1000
secondary,normal,0.6131701804356549,9.6,1000
secondary,normal,0.6158415629615519,9.7,1000
secondary,normal,0.6180367792031874,9.8,1000
secondary,normal,0.6207352771684321,9.9,1000
secondary,normal,0.6230109741147868,10.0,1000
secondary,normal,0.6255639823185414,10.1,1000
secondary,normal,0.627491444834091,10.2,1000
secondary,normal,0.6303491242006392,10.3,1000
secondary,normal,0.6327680252125407,10.4,1000
secondary,normal,0.6355618688496468,10.5,1000
secondary,normal,0.6398407903107786,10.6,1000
secondary,normal,0.6444462479844054,10.7,1000
secondary,normal,0.646597201759636,10.8,1000
secondary,normal,0.6486941431166,10.9,1000
secondary,normal,0.6510140516164284,11.0,1000
secondary,normal,0.6542669264250877,11.1,1000
secondary,normal,0.6576287640873939,11.2,1000
secondary,normal,0.6608409214052882,11.3,1000
secondary,normal,0.6643459304672433,11.4,1000
secondary,normal,0.6670164778363223,11.5,1000
secondary,normal,0.6705983297829743,11.6,1000
secondary,normal,0.6745893354743614,11.7,1000
secondary,normal,0.6793913329076197,11.8,1000
secondary,normal,0.6822978004249187,11.9,1000
secondary,normal,0.6856008476833501,12.0,1000
secondary,normal,0.6876680429884398,12.1,1000
secondary,normal,0.6897410255147534,12.2,1000
secondary,normal,0.6919836457638183,12.3,1000
secondary,normal,0.6943860730996938,12.4,1000
secondary,normal,0.6966386992242893,12.5,1000
secondary,normal,0.6984844066337762,12.6,1000
secondary,normal,0.7008187344234127,12.7,1000
secondary,normal,0.703642768275963,12.8,1000
secondary,normal,0.7062803309774551,12.9,1000
secondary,normal,0.7076027445338059,13.0,1000
secondary,normal,0.7082058029710947,13.1,1000
secondary,normal,0.7092715429310559,13.2,1000
secondary,normal,0.7104242763598667,13.3,1000
secondary,normal,0.7111984723174254,13.4,1000
secondary,normal,0.7126831377595587,13.5,1000
secondary,normal,0.7138014225575109,13.6,1000
secondary,normal,0.7152641654293761,13.7,1000
secondary,normal,0.7174091053114936,13.8,1000
secondary,normal,0.7185450014907164,13.9,1000
secondary,normal,0.7194176807792984,14.0,1000
secondary,normal,0.720780909330922,14.1,1000
secondary,normal,0.7228997573605156,14.2,1000
secondary,normal,0.7247197936610975,14.3,1000
secondary,normal,0.7274109136010403,14.4,1000
secondary,normal,0.7283523497358629,14.5,1000
secondary,normal,0.7296180863300123,14.6,1000
secondary,normal,0.7313202347368676,14.7,1000
secondary,normal,0.733705882210293,14.8,1000
secondary,normal,0.7352602148645484,14.9,1000
secondary,normal,0.7369224892519967,15.0,1000
secondary,normal,0.7389754757987151,15.1,1000
secondary,normal,0.740227731329798,15.2,1000
secondary,normal,0.741303317404565,15.3,1000
secondary,normal,0.7417878012806215,15.4,1000
secondary,normal,0.743122677823388,15.5,1000
secondary,normal,0.7444057052172162,15.6,1000
secondary,normal,0.7457153504000229,15.7,1000
secondary,normal,0.7466686159769186,15.8,1000
secondary,normal,0.7482178696251406,15.9,1000
secondary,normal,0.7501696397759369,16.0,1000
secondary,normal,0.7511875922152965,16.1,1000
secondary,normal,0.7526229521480106,16.2,1000
secondary,normal,0.7535059312075237,16.3,1000
secondary,normal,0.7540859961709898,16.4,1000
secondary,normal,0.7548403745934974,16.5,1000
secondary,normal,0.755358969633143,16.6,1000
secondary,normal,0.7557853370344548,16.7,1000
secondary,normal,0.7563789344825651,16.8,1000
secondary,normal,0.7569213763111267,16.9,1000
secondary,normal,0.7575739015690813,17.0,1000
secondary,normal,0.7582149380350636,17.1,1000
secondary,normal,0.7592269113720856,17.2,1000
secondary,normal,0.7601524145377689,17.3,1000
secondary,normal,0.7614003153194345,17.4,1000
secondary,normal,0.7625015292159887,17.5,1000
secondary,normal,0.7633522359846006,17.6,1000
secondary,normal,0.7647424703277195,17.7,1000
secondary,normal,0.7675112331940994,17.8,1000
secondary,normal,0.7690609771545238,17.9,1000
secondary,normal,0.7711249118150608,18.0,1000
secondary,normal,0.772092783707873,18.1,1000
secondary,normal,0.7729865471463757,18.2,1000
secondary,normal,0.7738804281907414,18.3,1000
secondary,normal,0.7747364586421622,18.4,1000
secondary,normal,0.7759142508327214,18.5,1000
secondary,normal,0.7768915229180576,18.6,1000
secondary,normal,0.7778139897926312,18.7,1000
secondary,normal,0.7787335978586379,18.8,1000
secondary,normal,0.7795255312181785,18.9,1000
secondary,normal,0.7806924141575743,19.0,1000
secondary,normal,0.7812254198027593,19.1,1000
secondary,normal,0.7818932491327414,19.2,1000
secondary,normal,0.7824388898919428,19.3,1000
secondary,normal,0.7835654173494787,19.4,1000
secondary,normal,0.7848330825419058,19.5,1000
secondary,normal,0.7855227797856282,19.6,1000
secondary,normal,0.7868602367005394,19.7,1000
secondary,normal,0.7886605402860083,19.8,1000
secondary,normal,0.7898980454218284,19.9,1000
secondary,normal,0.7909432624615118,20.0,1000
secondary,normal,0.7912184452253958,20.1,1000
secondary,normal,0.7915017618432139,20.2,1000
secondary,normal,0.79218240714327,20.3,1000
secondary,normal,0.7932076238400562,20.4,1000
secondary,normal,0.7943572578394934,20.5,1000
secondary,normal,0.7952202781968798,20.6,1000
secondary,normal,0.7955899235743263,20.7,1000
secondary,normal,0.7958043573390313,20.8,1000
secondary,normal,0.7964021546136436,20.9,1000
secondary,normal,0.7971310115840404,21.0,1000
secondary,normal,0.7977098787574767,21.1,1000
secondary,normal,0.7984298896849572,21.2,1000
secondary,normal,0.7986522705897787,21.3,1000
secondary,normal,0.7987961861315263,21.4,1000
secondary,normal,0.7990346812701167,21.5,1000
secondary,normal,0.799264008897335,21.6,1000
secondary,normal,0.7994704172991333,21.7,1000
secondary,normal,0.799883640701184,21.8,1000
secondary,normal,0.8002561188704891,21.9,1000
secondary,normal,0.8004104650070812,22.0,1000
secondary,normal,0.8006500427502385,22.1,1000
secondary,normal,0.8011112103446705,22.2,1000
secondary,normal,0.8017228130892166,22.3,1000
secondary,normal,0.8022846723518305,22.4,1000
secondary,normal,0.8027868673986873,22.5,1000
secondary,normal,0.8035244710101253,22.6,1000
secondary,normal,0.8038528510928579,22.7,1000
secondary,normal,0.8041446341855912,22.8,1000
secondary,normal,0.8044478800916044,22.9,1000
secondary,normal,0.8046044771204082,23.0,1000
secondary,normal,0.8047786480196468,23.1,1000
secondary,normal,0.8050604000919174,23.2,1000
secondary,normal,0.8054338665080991,23.3,1000
secondary,normal,0.8058602502511341,23.4,1000
secondary,normal,0.8061182913285719,23.5,1000
secondary,normal,0.8072130363821152,23.6,1000
secondary,normal,0.8081918201242094,23.7,1000
secondary,normal,0.8094568327739993,23.8,1000
secondary,normal,0.811000443137109,23.9,1000
secondary,normal,0.812442397041055,24.0,1000
secondary,normal,0.813052019556681,24.1,1000
secondary,normal,0.8137504211649439,24.2,1000
secondary,normal,0.8143515171798985,24.3,1000
secondary,normal,0.8146219827382721,24.4,1000
secondary,normal,0.8146879823861469,24.5,1000
secondary,normal,0.8147616253652811,24.6,1000
secondary,normal,0.815046429325642,24.7,1000
secondary,normal,0.8159426793893311,24.8,1000
secondary,normal,0.8161669976944841,24.9,1000
secondary,normal,0.8163661869509806,25.0,1000
secondary,normal,0.8167240703203886,25.1,1000
secondary,normal,0.8169390396172646,25.2,1000
secondary,normal,0.8173248597509674,25.3,1000
secondary,normal,0.8180039827041278,25.4,1000
secondary,normal,0.8185197051743092,25.5,1000
secondary,normal,0.8189669714899576,25.6,1000
secondary,normal,0.8195874230453376,25.7,1000
secondary,normal,0.820330734721095,25.8,1000
secondary,normal,0.8210230373470109,25.9,1000
secondary,normal,0.8217392844593497,26.0,1000
secondary,normal,0.8221178332052936,26.1,1000
secondary,normal,0.8224461820203892,26.2,1000
secondary,normal,0.8227947804832056,26.3,1000
secondary,normal,0.8230278489487579,26.4,1000
secondary,normal,0.823191755700223,26.5,1000
secondary,normal,0.8233252671291132,26.6,1000
secondary,normal,0.8235753138319717,26.7,1000
secondary,normal,0.8238368442899462,26.8,1000
secondary,normal,0.8242882352895348,26.9,1000
secondary,normal,0.8246364007529807,27.0,1000
secondary,normal,0.8250988638960478,27.1,1000
secondary,normal,0.8262235844959259,27.2,1000
secondary,normal,0.8268156993983264,27.3,1000
secondary,normal,0.8275636022091252,27.4,1000
secondary,normal,0.8280290375879654,27.5,1000
secondary,normal,0.8285023456184702,27.6,1000
secondary,normal,0.8292308128521478,27.7,1000
secondary,normal,0.8297030610126345,27.8,1000
secondary,normal,0.8298492025381735,27.9,1000
secondary,normal,0.830021836273222,28.0,1000
secondary,normal,0.8311460554111236,28.1,1000
secondary,normal,0.8315806404734001,28.2,1000
secondary,normal,0.832136934565784,28.3,1000
secondary,normal,0.833163827593001,28.4,1000
secondary,normal,0.8338498664909146,28.5,1000
secondary,normal,0.8346056772543139,28.6,1000
secondary,normal,0.8349853542582847,28.7,1000
secondary,normal,0.8353628296130806,28.8,1000
secondary,normal,0.8355294969606886,28.9,1000
secondary,normal,0.835650656763135,29.0,1000
secondary,normal,0.8360368605958635,29.1,1000
secondary,normal,0.8368103612517437,29.2,1000
secondary,normal,0.8372805744641344,29.3,1000
secondary,normal,0.8374920071807811,29.4,1000
secondary,normal,0.8377307753083297,29.5,1000
secondary,normal,0.838258510698571,29.6,1000
secondary,normal,0.83875515042999,29.7,1000
secondary,normal,0.8395539630894284,29.8,1000
secondary,normal,0.840186872721981,29.9,1000
secondary,normal,0.8408166971693668,30.0,1000
secondary,normal,0.8411791370143723,30.1,1000
secondary,normal,0.8415122298410531,30.2,1000
secondary,normal,0.8418514604452432,30.3,1000
secondary,normal,0.8419243485668696,30.4,1000
secondary,normal,0.8419759297994367,30.5,1000
secondary,normal,0.8421313285826401,30.6,1000
secondary,normal,0.8422687048316286,30.7,1000
secondary,normal,0.8423336016088686,30.8,1000
secondary,normal,0.842443281090793,30.9,1000
secondary,normal,0.8434347855188478,31.0,1000
secondary,normal,0.8438977112749678,31.1,1000
secondary,normal,0.8445340182812847,31.2,1000
secondary,normal,0.8451453190563646,31.3,1000
secondary,normal,0.8459480309107172,31.4,1000
secondary,normal,0.8465376346255843,31.5,1000
secondary,normal,0.8469329294689704,31.6,1000
secondary,normal,0.8471438875465468,31.7,1000
secondary,normal,0.8472593305035457,31.8,1000
secondary,normal,0.847288390190606,31.9,1000
secondary,normal,0.8473310728280681,32.0,1000
secondary,normal,0.8474347636119494,32.1,1000
secondary,normal,0.8478159704547408,32.2,1000
secondary,normal,0.8480516084678187,32.3,1000
secondary,normal,0.848367479352042,32.4,1000
secondary,normal,0.8483963039355176,32.5,1000
secondary,normal,0.8485068171783021,32.6,1000
secondary,normal,0.8490123411524068,32.7,1000
secondary,normal,0.8496669174600239,32.8,1000
secondary,normal,0.8502186805111853,32.9,1000
secondary,normal,0.8506664972040864,33.0,1000
secondary,normal,0.8508122645590138,33.1,1000
secondary,normal,0.8511208871019161,33.2,1000
secondary,normal,0.8512992526308819,33.3,1000
secondary,normal,0.8514345995959082,33.4,1000
secondary,normal,0.8521009690593483,33.5,1000
secondary,normal,0.8527639867875328,33.6,1000
secondary,normal,0.8534283985281608,33.7,1000
secondary,normal,0.8537423750374772,33.8,1000
secondary,normal,0.8543046914605845,33.9,1000
secondary,normal,0.8545799869640188,34.0,1000
secondary,normal,0.854980887994202,34.1,1000
secondary,normal,0.8554807903096655,34.2,1000
secondary,normal,0.8556439920143984,34.3,1000
secondary,normal,0.8563964072148473,34.4,1000
secondary,normal,0.8569259951995546,34.5,1000
secondary,normal,0.8571454526448721,34.6,1000
secondary,normal,0.8571813744076312,34.7,1000
secondary,normal,0.8573528861722498,34.8,1000
secondary,normal,0.8574502061197352,34.9,1000
secondary,normal,0.8576170301888144,35.0,1000
secondary,normal,0.858051383871871,35.1,1000
secondary,normal,0.8585940875449709,35.2,1000
secondary,normal,0.85892234327367,35.3,1000
secondary,normal,0.8591246193844406,35.4,1000
secondary,normal,0.8595838915806678,35.5,1000
secondary,normal,0.859662560700272,35.6,1000
secondary,normal,0.8597954064424527,35.7,1000
secondary,normal,0.8598546989932156,35.8,1000
secondary,normal,0.8598640393370792,35.9,1000
secondary,normal,0.8598872772475752,36.0,1000
secondary,normal,0.8599816690276726,36.1,1000
secondary,normal,0.8599898965083849,36.2,1000
secondary,normal,0.8599974405036798,36.3,1000
secondary,normal,0.8600699004130471,36.4,1000
secondary,normal,0.8601300775333396,36.5,1000
secondary,normal,0.8605366288709654,36.6,1000
secondary,normal,0.8612978721613818,36.7,1000
secondary,normal,0.8616405627745112,36.8,1000
secondary,normal,0.8617958378906624,36.9,1000
secondary,normal,0.8621057816855757,37.0,1000
secondary,normal,0.8624053072701199,37.1,1000
secondary,normal,0.8625208548278458,37.2,1000
secondary,normal,0.8626423423293998,37.3,1000
secondary,normal,0.8628055811143823,37.4,1000
secondary,normal,0.8629616369687152,37.5,1000
secondary,normal,0.8630597749333473,37.6,1000
secondary,normal,0.8630772407652617,37.7,1000
secondary,normal,0.8631490716222943,37.8,1000
secondary,normal,0.8633067031446536,37.9,1000
secondary,normal,0.8633615747673328,38.0,1000
secondary,normal,0.8633987152472413,38.1,1000
secondary,normal,0.8636317646922336,38.2,1000
secondary,normal,0.8643361602308508,38.3,1000
secondary,normal,0.8650722220453844,38.4,1000
secondary,normal,0.8652874327298358,38.5,1000
secondary,normal,0.8660544845173063,38.6,1000
secondary,normal,0.8662576789737604,38.7,1000
secondary,normal,0.8663054488791619,38.8,1000
secondary,normal,0.8664260691815391,38.9,1000
secondary,normal,0.8665853293092348,39.0,1000
secondary,normal,0.8667025915959201,39.1,1000
secondary,normal,0.8669762607057229,39.2,1000
secondary,normal,0.8675014402669653,39.3,1000
secondary,normal,0.867738013955449,39.4,1000
secondary,normal,0.8677760500618125,39.5,1000
secondary,normal,0.8678620912357976,39.6,1000
secondary,normal,0.8679256274840405,39.7,1000
secondary,normal,0.8679988548559716,39.8,1000
secondary,normal,0.8680500358331057,39.9,1000
secondary,normal,0.8680749578066204,40.0,1000
secondary,normal,0.8681028827604774,40.1,1000
secondary,normal,0.8681226045148006,40.2,1000
secondary,normal,0.8681701863279394,40.3,1000
secondary,normal,0.8682099191380875,40.4,1000
secondary,normal,0.8682610803831111,40.5,1000
secondary,normal,0.8682960201957174,40.6,1000
secondary,normal,0.8683753969199025,40.7,1000
secondary,normal,0.8684346002672619,40.8,1000
secondary,normal,0.8684960109428462,40.9,1000
secondary,normal,0.8685146627497798,41.0,1000
secondary,normal,0.8685408278782556,41.1,1000
secondary,normal,0.8685660871986147,41.2,1000
secondary,normal,0.8685930663235447,41.3,1000
secondary,normal,0.8686003932412044,41.4,1000
secondary,normal,0.8687165216179894,41.5,1000
secondary,normal,0.8688048046064022,41.6,1000
secondary,normal,0.86894697564834,41.7,1000
secondary,normal,0.8691675283085062,41.8,1000
secondary,normal,0.86919930185453,41.9,1000
secondary,normal,0.8695824383487303,42.0,1000
secondary,normal,0.8697907661446583,42.1,1000
secondary,normal,0.8699717166297317,42.2,1000
secondary,normal,0.8701231011461903,42.3,1000
secondary,normal,0.8702511285122223,42.4,1000
secondary,normal,0.8703257336572038,42.5,1000
secondary,normal,0.8703722900917854,42.6,1000
secondary,normal,0.8704830644224258,42.7,1000
secondary,normal,0.8705305472289975,42.8,1000
secondary,normal,0.87058525894703,42.9,1000
secondary,normal,0.8706203360296221,43.0,1000
secondary,normal,0.8706983412939927,43.1,1000
secondary,normal,0.8707034078788459,43.2,1000
secondary,normal,0.8707106745832757,43.3,1000
secondary,normal,0.8708551116009121,43.4,1000
secondary,normal,0.8708949403647183,43.5,1000
secondary,normal,0.8710107513714944,43.6,1000
secondary,normal,0.8711425177061402,43.7,1000
secondary,normal,0.8712354450634457,43.8,1000
secondary,normal,0.8714288415174088,43.9,1000
secondary,normal,0.8715965627414071,44.0,1000
secondary,normal,0.8716209747944214,44.1,1000
secondary,normal,0.8716438235499435,44.2,1000
secondary,normal,0.8717637195292287,44.3,1000
secondary,normal,0.8718263459983557,44.4,1000
secondary,normal,0.871875621713921,44.5,1000
secondary,normal,0.87203461994758,44.6,1000
secondary,normal,0.8721032619701727,44.7,1000
secondary,normal,0.8721667449853272,44.8,1000
secondary,normal,0.8721918541009751,44.9,1000
secondary,normal,0.872248803659987,45.0,1000
secondary,normal,0.8722832679771371,45.1,1000
secondary,normal,0.8722940133489989,45.2,1000
secondary,normal,0.8723408662712111,45.3,1000
secondary,normal,0.8723550978210681,45.4,1000
secondary,normal,0.872362010822877,45.5,1000
secondary,normal,0.8723823457700809,45.6,1000
secondary,normal,0.8725737530374552,45.7,1000
secondary,normal,0.8728171535890296,45.8,1000
secondary,normal,0.8728421651686679,45.9,1000
secondary,normal,0.8732980406409453,46.0,1000
secondary,normal,0.8734600417310641,46.1,1000
secondary,normal,0.8743392991804622,46.2,1000
secondary,normal,0.8748157946945497,46.3,1000
secondary,normal,0.8749492423297344,46.4,1000
secondary,normal,0.8749568981054672,46.5,1000
secondary,normal,0.8749626188470442,46.6,1000
secondary,normal,0.8749671049252132,46.7,1000
secondary,normal,0.8749985526056431,46.8,1000
secondary,normal,0.8750138793516681,46.9,1000
secondary,normal,0.8750437311335507,47.0,1000
secondary,normal,0.8751004952210408,47.1,1000
secondary,normal,0.8751276375001796,47.2,1000
secondary,normal,0.8751567271846359,47.3,1000
secondary,normal,0.8751624832319469,47.4,1000
secondary,normal,0.875170503887967,47.5,1000
secondary,normal,0.8751884199396492,47.6,1000
secondary,normal,0.8754084504707156,47.7,1000
secondary,normal,0.8754612021573032,47.8,1000
secondary,normal,0.875478985584842,47.9,1000
secondary,normal,0.8755012669609564,48.0,1000
secondary,normal,0.8755415706010183,48.1,1000
secondary,normal,0.8755458633367819,48.2,1000
secondary,normal,0.8755471097485252,48.3,1000
secondary,normal,0.8755490623160435,48.4,1000
secondary,normal,0.8755745639990313,48.5,1000
secondary,normal,0.8757511718208745,48.6,1000
secondary,normal,0.8757814508798962,48.7,1000
secondary,normal,0.8757894676267473,48.8,1000
secondary,normal,0.8757940234230178,48.9,1000
secondary,normal,0.8758244263805283,49.0,1000
secondary,normal,0.8758341306155294,49.1,1000
secondary,normal,0.8758434780178234,49.2,1000
secondary,normal,0.8758465210546184,49.3,1000
secondary,normal,0.8758476699940501,49.4,1000
secondary,normal,0.8758539712997331,49.5,1000
secondary,normal,0.875865516726519,49.6,1000
secondary,normal,0.8759123094569136,49.7,1000
secondary,normal,0.875996525677943,49.8,1000
secondary,normal,0.875996525677943,49.9,1000
secondary,normal,0.8759980125764074,50.0,1000
secondary,normal,0.8759980125764074,50.1,1000
secondary,normal,0.8759984084878403,50.2,1000
secondary,normal,0.8759988594775128,50.3,1000
secondary,normal,0.8760017830489685,50.4,1000
secondary,normal,0.876018617059596,50.5,1000
secondary,normal,0.8760620689825297,50.6,1000
secondary,normal,0.8761197888036852,50.7,1000
secondary,normal,0.8761223920880467,50.8,1000
secondary,normal,0.8761223920880467,50.9,1000
secondary,normal,0.8761263466331576,51.0,1000
secondary,normal,0.8761287679316149,51.1,1000
secondary,normal,0.8761294624536549,51.2,1000
secondary,normal,0.8761382109709417,51.3,1000
secondary,normal,0.8761421502230107,51.4,1000
secondary,normal,0.8761711756283551,51.5,1000
secondary,normal,0.8762247212700797,51.6,1000
secondary,normal,0.8763290315449958,51.7,1000
secondary,normal,0.876344652409126,51.8,1000
secondary,normal,0.8763606936979064,51.9,1000
secondary,normal,0.876374496318716,52.0,1000
secondary,normal,0.8764046975611026,52.1,1000
secondary,normal,0.8764105589869149,52.2,1000
secondary,normal,0.8764149495072686,52.3,1000
secondary,normal,0.8764474594697335,52.4,1000
secondary,normal,0.8767316357458813,52.5,1000
secondary,normal,0.8769102527715644,52.6,1000
secondary,normal,0.8769169682851051,52.7,1000
secondary,normal,0.8769207646620705,52.8,1000
secondary,normal,0.8769384995270575,52.9,1000
secondary,normal,0.877039314257647,53.0,1000
secondary,normal,0.877039314257647,53.1,1000
secondary,normal,0.8770397652473195,53.2,1000
secondary,normal,0.8770397652473195,53.3,1000
secondary,normal,0.8770397652473195,53.4,1000
secondary,normal,0.8770513035363915,53.5,1000
secondary,normal,0.8770513035363915,53.6,1000
secondary,normal,0.877052079243877,53.7,1000
secondary,normal,0.8770541481509946,53.8,1000
secondary,normal,0.8770554181009178,53.9,1000
secondary,normal,0.877055862114086,54.0,1000
secondary,normal,0.8770628358452474,54.1,1000
secondary,normal,0.8770661836899759,54.2,1000
secondary,normal,0.877148172384691,54.3,1000
secondary,normal,0.8772613031316385,54.4,1000
secondary,normal,0.8774825986930617,54.5,1000
secondary,normal,0.8775056313119471,54.6,1000
secondary,normal,0.8775218746413922,54.7,1000
secondary,normal,0.8775344279559728,54.8,1000
secondary,normal,0.8775394907476132,54.9,1000
secondary,normal,0.8775440105282233,55.0,1000
secondary,normal,0.8775447199464352,55.1,1000
secondary,normal,0.8775467969638245,55.2,1000
secondary,normal,0.8777525254752911,55.3,1000
secondary,normal,0.8777639351205183,55.4,1000
secondary,normal,0.8777721242780051,55.5,1000
secondary,normal,0.87777626202222,55.6,1000
secondary,normal,0.8778494958246488,55.7,1000
secondary,normal,0.8780130791160763,55.8,1000
secondary,normal,0.8780355591208244,55.9,1000
secondary,normal,0.8780640082925942,56.0,1000
secondary,normal,0.8781257705247693,56.1,1000
secondary,normal,0.8781724222649354,56.2,1000
secondary,normal,0.8781724222649354,56.3,1000
secondary,normal,0.8781739265569312,56.4,1000
secondary,normal,0.8781768364481184,56.5,1000
secondary,normal,0.8781846543582019,56.6,1000
secondary,normal,0.8782094606993459,56.7,1000
secondary,normal,0.8783817020628992,56.8,1000
secondary,normal,0.8785908510631619,56.9,1000
secondary,normal,0.8786615224089703,57.0,1000
secondary,normal,0.8787020924709571,57.1,1000
secondary,normal,0.8787360849072167,57.2,1000
secondary,normal,0.8787402167849164,57.3,1000
secondary,normal,0.8789701136478134,57.4,1000
secondary,normal,0.8790560251448359,57.5,1000
secondary,normal,0.8790664195245778,57.6,1000
secondary,normal,0.879094777114467,57.7,1000
secondary,normal,0.8790962818961485,57.8,1000
secondary,normal,0.8791046005847243,57.9,1000
secondary,normal,0.8791046005847243,58.0,1000
secondary,normal,0.8791046005847243,58.1,1000
secondary,normal,0.8791222182423154,58.2,1000
secondary,normal,0.8791265834859531,58.3,1000
secondary,normal,0.8791302625520632,58.4,1000
secondary,normal,0.8794959946001355,58.5,1000
secondary,normal,0.879728682244468,58.6,1000
secondary,normal,0.8797730345221499,58.7,1000
secondary,normal,0.8799062621525352,58.8,1000
secondary,normal,0.8799207641868974,58.9,1000
secondary,normal,0.879930611381159,59.0,1000
secondary,normal,0.8799477824323569,59.1,1000
secondary,normal,0.8800590791998352,59.2,1000
secondary,normal,0.8803287930097333,59.3,1000
secondary,normal,0.8805199669537537,59.4,1000
secondary,normal,0.8805477244524097,59.5,1000
secondary,normal,0.8805515847951494,59.6,1000
secondary,normal,0.8805525702479925,59.7,1000
secondary,normal,0.8805527727735897,59.8,1000
secondary,normal,0.8805606494099762,59.9,1000
secondary,normal,0.8805632146303678,60.0,1000
secondary,normal,0.8805743443524133,60.1,1000
secondary,normal,0.8805743443524133,60.2,1000
secondary,normal,0.8805764381615562,60.3,1000
secondary,normal,0.8805764381615562,60.4,1000
secondary,normal,0.8805764381615562,60.5,1000
secondary,normal,0.8805764381615562,60.6,1000
secondary,normal,0.8807233535850254,60.7,1000
secondary,normal,0.8809077497761334,60.8,1000
secondary,normal,0.880920640754652,60.9,1000
secondary,normal,0.880920640754652,61.0,1000
secondary,normal,0.88093722638568,61.1,1000
secondary,normal,0.8809952870993227,61.2,1000
secondary,normal,0.8810784538729642,61.3,1000
secondary,normal,0.8811388990261643,61.4,1000
secondary,normal,0.8812044822058074,61.5,1000
secondary,normal,0.8812149223141181,61.6,1000
secondary,normal,0.8812168372613542,61.7,1000
secondary,normal,0.881216994082777,61.8,1000
secondary,normal,0.8812248504259778,61.9,1000
secondary,normal,0.8812248504259778,62.0,1000
secondary,normal,0.881235793639296,62.1,1000
secondary,normal,0.881280893970306,62.2,1000
secondary,normal,0.8813261838615205,62.3,1000
secondary,normal,0.8813658840540568,62.4,1000
secondary,normal,0.8813665296160693,62.5,1000
secondary,normal,0.8813674178316389,62.6,1000
secondary,normal,0.8813674178316389,62.7,1000
secondary,normal,0.8813674178316389,62.8,1000
secondary,normal,0.8813678271964658,62.9,1000
secondary,normal,0.8813678271964658,63.0,1000
secondary,normal,0.8813678271964658,63.1,1000
secondary,normal,0.881369787418032,63.2,1000
secondary,normal,0.8814038452261065,63.3,1000
secondary,normal,0.8815030288117547,63.4,1000
secondary,normal,0.8815408619896506,63.5,1000
secondary,normal,0.8815594473147125,63.6,1000
secondary,normal,0.8815594473147125,63.7,1000
secondary,normal,0.8815605681041173,63.8,1000
secondary,normal,0.8815605681041173,63.9,1000
secondary,normal,0.8815605681041173,64.0,1000
secondary,normal,0.8815775326842684,64.1,1000
secondary,normal,0.8816197673797832,64.2,1000
secondary,normal,0.8816506682674063,64.3,1000
secondary,normal,0.8816545177851403,64.4,1000
secondary,normal,0.8816545177851403,64.5,1000
secondary,normal,0.8816545177851403,64.6,1000
secondary,normal,0.8816545177851403,64.7,1000
secondary,normal,0.8816576249665202,64.8,1000
secondary,normal,0.8816737227770016,64.9,1000
secondary,normal,0.8817020039731438,65.0,1000
secondary,normal,0.881727080452409,65.1,1000
secondary,normal,0.8817309036885794,65.2,1000
secondary,normal,0.8817321060282368,65.3,1000
secondary,normal,0.8817342086183675,65.4,1000
secondary,normal,0.8817439447220682,65.5,1000
secondary,normal,0.8817476041219888,65.6,1000
secondary,normal,0.8817506047157991,65.7,1000
secondary,normal,0.8817654124907063,65.8,1000
secondary,normal,0.8817762388324333,65.9,1000
secondary,normal,0.8817831618763476,66.0,1000
secondary,normal,0.8817844502843616,66.1,1000
secondary,normal,0.8817844502843616,66.2,1000
secondary,normal,0.8817844502843616,66.3,1000
secondary,normal,0.8817844502843616,66.4,1000
secondary,normal,0.8817844502843616,66.5,1000
secondary,normal,0.8817844502843616,66.6,1000
secondary,normal,0.8817855275532189,66.7,1000
secondary,normal,0.8817855275532189,66.8,1000
secondary,normal,0.8817855275532189,66.9,1000
secondary,normal,0.8817879327584299,67.0,1000
secondary,normal,0.8817879327584299,67.1,1000
secondary,normal,0.8817879327584299,67.2,1000
secondary,normal,0.8818856876825609,67.3,1000
secondary,normal,0.8820725653430882,67.4,1000
secondary,normal,0.8821757568984037,67.5,1000
secondary,normal,0.882439189271261,67.6,1000
secondary,normal,0.882439189271261,67.7,1000
secondary,normal,0.882490691166726,67.8,1000
secondary,normal,0.8825388288634094,67.9,1000
secondary,normal,0.8825894969132454,68.0,1000
secondary,normal,0.8826998796658458,68.1,1000
secondary,normal,0.8827043607263892,68.2,1000
secondary,normal,0.8827043607263892,68.3,1000
secondary,normal,0.8827047055066369,68.4,1000
secondary,normal,0.8827047055066369,68.5,1000
secondary,normal,0.8827087317470554,68.6,1000
secondary,normal,0.8827091377153314,68.7,1000
secondary,normal,0.8827091377153314,68.8,1000
secondary,normal,0.8827091377153314,68.9,1000
secondary,normal,0.8827107845405494,69.0,1000
secondary,normal,0.8827111883607042,69.1,1000
secondary,normal,0.8827111883607042,69.2,1000
secondary,normal,0.8827111883607042,69.3,1000
secondary,normal,0.8827111883607042,69.4,1000
secondary,normal,0.8827111883607042,69.5,1000
secondary,normal,0.8827111883607042,69.6,1000
secondary,normal,0.8827111883607042,69.7,1000
secondary,normal,0.8827111883607042,69.8,1000
secondary,normal,0.8827111883607042,69.9,1000
secondary,normal,0.8827117021597176,70.0,1000
secondary,normal,0.8827159609196401,70.1,1000
secondary,normal,0.8827854804209496,70.2,1000
secondary,normal,0.8829825532477179,70.3,1000
secondary,normal,0.8831178233526481,70.4,1000
secondary,normal,0.8831318870435753,70.5,1000
secondary,normal,0.8831348194493406,70.6,1000
secondary,normal,0.8831355752883069,70.7,1000
secondary,normal,0.88313616792346,70.8,1000
secondary,normal,0.8831365956000888,70.9,1000
secondary,normal,0.8831365956000888,71.0,1000
secondary,normal,0.8831365956000888,71.1,1000
secondary,normal,0.8831365956000888,71.2,1000
secondary,normal,0.8831365956000888,71.3,1000
secondary,normal,0.8831365956000888,71.4,1000
secondary,normal,0.8831365956000888,71.5,1000
secondary,normal,0.8831384878933076,71.6,1000
secondary,normal,0.8831391429618528,71.7,1000
secondary,normal,0.8831405738309605,71.8,1000
secondary,normal,0.8831405738309605,71.9,1000
secondary,normal,0.8831414407080714,72.0,1000
secondary,normal,0.8831414407080714,72.1,1000
secondary,normal,0.8831414407080714,72.2,1000
secondary,normal,0.8831435923152374,72.3,1000
secondary,normal,0.8831435923152374,72.4,1000
secondary,normal,0.8831537554826969,72.5,1000
secondary,normal,0.8831551896029366,72.6,1000
secondary,normal,0.8831551896029366,72.7,1000
secondary,normal,0.8831564691800051,72.8,1000
secondary,normal,0.8831615598574271,72.9,1000
secondary,normal,0.8831719803630029,73.0,1000
secondary,normal,0.8831806997436344,73.1,1000
secondary,normal,0.8832077306203235,73.2,1000
secondary,normal,0.8832316153801313,73.3,1000
secondary,normal,0.8832316153801313,73.4,1000
secondary,normal,0.8832316153801313,73.5,1000
secondary,normal,0.8832321452494383,73.6,1000
secondary,normal,0.8832321452494383,73.7,1000
secondary,normal,0.8832321452494383,73.8,1000
secondary,normal,0.8832327784236905,73.9,1000
secondary,normal,0.8832362645242229,74.0,1000
secondary,normal,0.8832362645242229,74.1,1000
secondary,normal,0.8832367123210157,74.2,1000
secondary,normal,0.8832367123210157,74.3,1000
secondary,normal,0.883242450067687,74.4,1000
secondary,normal,0.883242450067687,74.5,1000
secondary,normal,0.883253680831751,74.6,1000
secondary,normal,0.8832558086399739,74.7,1000
secondary,normal,0.8832647440629768,74.8,1000
secondary,normal,0.8832730477162462,74.9,1000
secondary,normal,0.8832926954542597,75.0,1000
secondary,normal,0.8832970551459304,75.1,1000
secondary,normal,0.8832976539305687,75.2,1000
secondary,normal,0.8832980758931454,75.3,1000
secondary,normal,0.8832980758931454,75.4,1000
secondary,normal,0.8832980758931454,75.5,1000
secondary,normal,0.8833593403918643,75.6,1000
secondary,normal,0.8833658393142081,75.7,1000
secondary,normal,0.8833701358228173,75.8,1000
secondary,normal,0.8833710253932087,75.9,1000
secondary,normal,0.8835276884827806,76.0,1000
secondary,normal,0.8835983327463313,76.1,1000
secondary,normal,0.883601208837622,76.2,1000
secondary,normal,0.8836014974177827,76.3,1000
secondary,normal,0.8836178907531446,76.4,1000
secondary,normal,0.8836247485570111,76.5,1000
secondary,normal,0.8836313077473182,76.6,1000
secondary,normal,0.8836321876062133,76.7,1000
secondary,normal,0.8836727805227075,76.8,1000
secondary,normal,0.8836759445350153,76.9,1000
secondary,normal,0.8836759445350153,77.0,1000
secondary,normal,0.8836760613470819,77.1,1000
secondary,normal,0.8836760613470819,77.2,1000
secondary,normal,0.8836760613470819,77.3,1000
secondary,normal,0.8836810950739586,77.4,1000
secondary,normal,0.8836886334138475,77.5,1000
secondary,normal,0.8836886334138475,77.6,1000
secondary,normal,0.8836903441551125,77.7,1000
secondary,normal,0.8836916176248973,77.8,1000
secondary,normal,0.8836916176248973,77.9,1000
secondary,normal,0.8836916176248973,78.0,1000
secondary,normal,0.8836916176248973,78.1,1000
secondary,normal,0.8836918963136199,78.2,1000
secondary,normal,0.8837198206850245,78.3,1000
secondary,normal,0.8837327236415196,78.4,1000
secondary,normal,0.8837413361847231,78.5,1000
secondary,normal,0.8837568157654399,78.6,1000
secondary,normal,0.883760685579963,78.7,1000
secondary,normal,0.8837694829385262,78.8,1000
secondary,normal,0.8837946002182684,78.9,1000
secondary,normal,0.8837946002182684,79.0,1000
secondary,normal,0.8837946002182684,79.1,1000
secondary,normal,0.8839074669200702,79.2,1000
secondary,normal,0.8839127247881976,79.3,1000
secondary,normal,0.883918944066447,79.4,1000
secondary,normal,0.883918944066447,79.5,1000
secondary,normal,0.883918944066447,79.6,1000
secondary,normal,0.8839248107538538,79.7,1000
secondary,normal,0.8839265540203534,79.8,1000
secondary,normal,0.8839794800916875,79.9,1000
secondary,normal,0.8840019714848909,80.0,1000
secondary,normal,0.8840019714848909,80.1,1000
secondary,normal,0.8840019714848909,80.2,1000
secondary,normal,0.8840019714848909,80.3,1000
secondary,normal,0.8840019714848909,80.4,1000
secondary,normal,0.8840019714848909,80.5,1000
secondary,normal,0.8840152920899881,80.6,1000
secondary,normal,0.8840152920899881,80.7,1000
secondary,normal,0.8840152920899881,80.8,1000
secondary,normal,0.8840189541693368,80.9,1000
secondary,normal,0.884019938530167,81.0,1000
secondary,normal,0.8840256924765627,81.1,1000
secondary,normal,0.8840286925939931,81.2,1000
secondary,normal,0.8840300977206718,81.3,1000
secondary,normal,0.8840313529605031,81.4,1000
secondary,normal,0.8840313529605031,81.5,1000
secondary,normal,0.884032246361383,81.6,1000
secondary,normal,0.884032246361383,81.7,1000
secondary,normal,0.8840339193475528,81.8,1000
secondary,normal,0.8840363397756047,81.9,1000
secondary,normal,0.8840367211735743,82.0,1000
secondary,normal,0.8840393315901388,82.1,1000
secondary,normal,0.8840519743411499,82.2,1000
secondary,normal,0.8840524747926927,82.3,1000
secondary,normal,0.8840585449241625,82.4,1000
secondary,normal,0.8840629676312913,82.5,1000
secondary,normal,0.8840975700353174,82.6,1000
secondary,normal,0.8841248621197925,82.7,1000
secondary,normal,0.8841265992913112,82.8,1000
secondary,normal,0.8841300970460146,82.9,1000
secondary,normal,0.8841500001204985,83.0,1000
secondary,normal,0.8841765303146552,83.1,1000
secondary,normal,0.8842246719985011,83.2,1000
secondary,normal,0.8842261549408942,83.3,1000
secondary,normal,0.8842261549408942,83.4,1000
secondary,normal,0.8842298663220538,83.5,1000
secondary,normal,0.884231271337362,83.6,1000
secondary,normal,0.884231271337362,83.7,1000
secondary,normal,0.884231271337362,83.8,1000
secondary,normal,0.8842334724526577,83.9,1000
secondary,normal,0.8842334724526577,84.0,1000
secondary,normal,0.8842345952616409,84.1,1000
secondary,normal,0.8842345952616409,84.2,1000
secondary,normal,0.8842346890477246,84.3,1000
secondary,normal,0.8842359059985799,84.4,1000
secondary,normal,0.8842359059985799,84.5,1000
secondary,normal,0.8842359059985799,84.6,1000
secondary,normal,0.8842359059985799,84.7,1000
secondary,normal,0.8842687765579195,84.8,1000
secondary,normal,0.8843170354796925,84.9,1000
secondary,normal,0.8843780086679084,85.0,1000
secondary,normal,0.8843873519813493,85.1,1000
secondary,normal,0.884389380428985,85.2,1000
secondary,normal,0.8843898026662825,85.3,1000
secondary,normal,0.8843916951280718,85.4,1000
secondary,normal,0.8843916951280718,85.5,1000
secondary,normal,0.884415812442121,85.6,1000
secondary,normal,0.8844644366727255,85.7,1000
secondary,normal,0.8844868548263951,85.8,1000
secondary,normal,0.8844902012544085,85.9,1000
secondary,normal,0.8844939184140687,86.0,1000
secondary,normal,0.8844949008994234,86.1,1000
secondary,normal,0.8844949008994234,86.2,1000
secondary,normal,0.8844949008994234,86.3,1000
secondary,normal,0.8845006512990163,86.4,1000
secondary,normal,0.8845041284773932,86.5,1000
secondary,normal,0.8845174349901896,86.6,1000
secondary,normal,0.8845383280291615,86.7,1000
secondary,normal,0.8845550082484077,86.8,1000
secondary,normal,0.8845550082484077,86.9,1000
secondary,normal,0.8845550082484077,87.0,1000
secondary,normal,0.8845599402815406,87.1,1000
secondary,normal,0.8845698589728578,87.2,1000
secondary,normal,0.8845701629692717,87.3,1000
secondary,normal,0.8845709221397208,87.4,1000
secondary,normal,0.8845709221397208,87.5,1000
secondary,normal,0.8845709221397208,87.6,1000
secondary,normal,0.8845724653873436,87.7,1000
secondary,normal,0.8845724653873436,87.8,1000
secondary,normal,0.8845726703125709,87.9,1000
secondary,normal,0.8845732640401497,88.0,1000
secondary,normal,0.8845768735218403,88.1,1000
secondary,normal,0.884583579276127,88.2,1000
secondary,normal,0.8845973179679337,88.3,1000
secondary,normal,0.884605638715938,88.4,1000
secondary,normal,0.8846071807769834,88.5,1000
secondary,normal,0.8846071807769834,88.6,1000
secondary,normal,0.8846098455695216,88.7,1000
secondary,normal,0.8846117366702764,88.8,1000
secondary,normal,0.8846131536231482,88.9,1000
secondary,normal,0.8846134944103708,89.0,1000
secondary,normal,0.8846163217105897,89.1,1000
secondary,normal,0.8846181426707873,89.2,1000
secondary,normal,0.8846181426707873,89.3,1000
secondary,normal,0.8846181426707873,89.4,1000
secondary,normal,0.8846267583748296,89.5,1000
secondary,normal,0.8846360223200146,89.6,1000
secondary,normal,0.8846380879258101,89.7,1000
secondary,normal,0.8846380879258101,89.8,1000
secondary,normal,0.8846380879258101,89.9,1000
secondary,normal,0.8846450234557126,90.0,1000
secondary,normal,0.8846450234557126,90.1,1000
secondary,normal,0.8846450234557126,90.2,1000
secondary,normal,0.8846450234557126,90.3,1000
secondary,normal,0.8846450234557126,90.4,1000
secondary,normal,0.8846450234557126,90.5,1000
secondary,normal,0.8847338866595116,90.6,1000
secondary,normal,0.8849020140536528,90.7,1000
secondary,normal,0.8849064754892008,90.8,1000
secondary,normal,0.8849064754892008,90.9,1000
secondary,normal,0.8849072424317376,91.0,1000
secondary,normal,0.8849072424317376,91.1,1000
secondary,normal,0.8849072424317376,91.2,1000
secondary,normal,0.8849101618251772,91.3,1000
secondary,normal,0.8849101618251772,91.4,1000
secondary,normal,0.8849101618251772,91.5,1000
secondary,normal,0.8849101618251772,91.6,1000
secondary,normal,0.8849115936771373,91.7,1000
secondary,normal,0.8849115936771373,91.8,1000
secondary,normal,0.8849115936771373,91.9,1000
secondary,normal,0.8849119549457373,92.0,1000
secondary,normal,0.8849119549457373,92.1,1000
secondary,normal,0.884913242423354,92.2,1000
secondary,normal,0.884913242423354,92.3,1000
secondary,normal,0.8849135594420119,92.4,1000
secondary,normal,0.8849151859984226,92.5,1000
secondary,normal,0.8849259687932803,92.6,1000
secondary,normal,0.8849295100423379,92.7,1000
secondary,normal,0.8849348440877794,92.8,1000
secondary,normal,0.8849348440877794,92.9,1000
secondary,normal,0.8849348440877794,93.0,1000
secondary,normal,0.8849350724595818,93.1,1000
secondary,normal,0.8849350724595818,93.2,1000
secondary,normal,0.8849350724595818,93.3,1000
secondary,normal,0.8849350724595818,93.4,1000
secondary,normal,0.884938040338129,93.5,1000
secondary,normal,0.8849384050062992,93.6,1000
secondary,normal,0.8849401159472807,93.7,1000
secondary,normal,0.8849401159472807,93.8,1000
secondary,normal,0.8849401159472807,93.9,1000
secondary,normal,0.8849401159472807,94.0,1000
secondary,normal,0.8849401159472807,94.1,1000
secondary,normal,0.8849401159472807,94.2,1000
secondary,normal,0.8849401159472807,94.3,1000
secondary,normal,0.8849401159472807,94.4,1000
secondary,normal,0.8849401159472807,94.5,1000
secondary,normal,0.8849401159472807,94.6,1000
secondary,normal,0.8849401159472807,94.7,1000
secondary,normal,0.8849401159472807,94.8,1000
secondary,normal,0.8849401159472807,94.9,1000
secondary,normal,0.8849401159472807,95.0,1000
secondary,normal,0.8849401159472807,95.1,1000
secondary,normal,0.8849401159472807,95.2,1000
secondary,normal,0.8849401159472807,95.3,1000
secondary,normal,0.8849413100279441,95.4,1000
secondary,normal,0.8849413100279441,95.5,1000
secondary,normal,0.8849455631093185,95.6,1000
secondary,normal,0.8849572961323385,95.7,1000
secondary,normal,0.8849746887776173,95.8,1000
secondary,normal,0.8849748245198712,95.9,1000
secondary,normal,0.8849748245198712,96.0,1000
secondary,normal,0.8849748245198712,96.1,1000
secondary,normal,0.8849752792132821,96.2,1000
secondary,normal,0.8849752792132821,96.3,1000
secondary,normal,0.8849752792132821,96.4,1000
secondary,normal,0.8849785294652688,96.5,1000
secondary,normal,0.8849785294652688,96.6,1000
secondary,normal,0.8849800115828299,96.7,1000
secondary,normal,0.8849814535604026,96.8,1000
secondary,normal,0.8849814535604026,96.9,1000
secondary,normal,0.8849814535604026,97.0,1000
secondary,normal,0.8849814535604026,97.1,1000
secondary,normal,0.8849814535604026,97.2,1000
secondary,normal,0.8849819472988233,97.3,1000
secondary,normal,0.8849819472988233,97.4,1000
secondary,normal,0.8849819472988233,97.5,1000
secondary,normal,0.8849819472988233,97.6,1000
secondary,normal,0.8849844305866462,97.7,1000
secondary,normal,0.884986388613266,97.8,1000
secondary,normal,0.8849868823516867,97.9,1000
secondary,normal,0.8849868823516867,98.0,1000
secondary,normal,0.8849872010655645,98.1,1000
secondary,normal,0.8849872010655645,98.2,1000
secondary,normal,0.8849877323996123,98.3,1000
secondary,normal,0.8849916647762766,98.4,1000
secondary,normal,0.8849916647762766,98.5,1000
secondary,normal,0.8849960443766742,98.6,1000
secondary,normal,0.8849960443766742,98.7,1000
secondary,normal,0.8850059510713464,98.8,1000
secondary,normal,0.8850097193908671,98.9,1000
secondary,normal,0.8850097193908671,99.0,1000
secondary,normal,0.8850097193908671,99.1,1000
secondary,normal,0.8850097193908671,99.2,1000
secondary,normal,0.8850097193908671,99.3,1000
secondary,normal,0.8850097193908671,99.4,1000
secondary,normal,0.8850097193908671,99.5,1000
secondary,normal,0.8850097193908671,99.6,1000
secondary,normal,0.8850097193908671,99.7,1000
secondary,normal,0.8850099211957093,99.8,1000
secondary,normal,0.8850099211957093,99.9,1000
secondary,normal,0.8850099211957093,100.0,1000
secondary,normal,0.8850316577621111,100.1,1000
secondary,normal,0.8850623142461467,100.2,1000
secondary,normal,0.885077697642865,100.3,1000
secondary,normal,0.8850855673137992,100.4,1000
secondary,normal,0.8850920019955836,100.5,1000
secondary,normal,0.885095969885168,100.6,1000
secondary,normal,0.8850979555566981,100.7,1000
secondary,normal,0.8851009562348872,100.8,1000
secondary,normal,0.8851024743716961,100.9,1000
secondary,normal,0.885140111899538,101.0,1000
secondary,normal,0.8851545919419663,101.1,1000
secondary,normal,0.8851649835531155,101.2,1000
secondary,normal,0.8851653815443455,101.3,1000
secondary,normal,0.8851653815443455,101.4,1000
secondary,normal,0.8851653815443455,101.5,1000
secondary,normal,0.8851653815443455,101.6,1000
secondary,normal,0.8851653815443455,101.7,1000
secondary,normal,0.8851653815443455,101.8,1000
secondary,normal,0.8851653815443455,101.9,1000
secondary,normal,0.8851653815443455,102.0,1000
secondary,normal,0.8851653815443455,102.1,1000
secondary,normal,0.8851653815443455,102.2,1000
secondary,normal,0.8851677257996265,102.3,1000
secondary,normal,0.8851683205168278,102.4,1000
secondary,normal,0.8851749579386781,102.5,1000
secondary,normal,0.8851759475189375,102.6,1000
secondary,normal,0.8851759475189375,102.7,1000
secondary,normal,0.8851759475189375,102.8,1000
secondary,normal,0.8851759475189375,102.9,1000
secondary,normal,0.885179625057538,103.0,1000
secondary,normal,0.8851809266489535,103.1,1000
secondary,normal,0.8851809266489535,103.2,1000
secondary,normal,0.8851809266489535,103.3,1000
secondary,normal,0.8851809266489535,103.4,1000
secondary,normal,0.8851809266489535,103.5,1000
secondary,normal,0.8851809266489535,103.6,1000
secondary,normal,0.8851809266489535,103.7,1000
secondary,normal,0.8851809266489535,103.8,1000
secondary,normal,0.8851867636152304,103.9,1000
secondary,normal,0.8851884320087073,104.0,1000
secondary,normal,0.8851884320087073,104.1,1000
secondary,normal,0.8851884320087073,104.2,1000
secondary,normal,0.8851884320087073,104.3,1000
secondary,normal,0.8851891331207804,104.4,1000
secondary,normal,0.8851891331207804,104.5,1000
secondary,normal,0.8851891331207804,104.6,1000
secondary,normal,0.8851891331207804,104.7,1000
secondary,normal,0.8851891331207804,104.8,1000
secondary,normal,0.8851914507219941,104.9,1000
secondary,normal,0.8851914507219941,105.0,1000
secondary,normal,0.8851914507219941,105.1,1000
secondary,normal,0.8851914507219941,105.2,1000
secondary,normal,0.8851914507219941,105.3,1000
secondary,normal,0.8851914507219941,105.4,1000
secondary,normal,0.8851914507219941,105.5,1000
secondary,normal,0.8851914507219941,105.6,1000
secondary,normal,0.8851917915092169,105.7,1000
secondary,normal,0.8851933208499579,105.8,1000
secondary,normal,0.8851966193091302,105.9,1000
secondary,normal,0.8852027124860694,106.0,1000
secondary,normal,0.885204840252049,106.1,1000
secondary,normal,0.8852054024097725,106.2,1000
secondary,normal,0.8852061352436188,106.3,1000
secondary,normal,0.8852065225846292,106.4,1000
secondary,normal,0.8852065225846292,106.5,1000
secondary,normal,0.8852065225846292,106.6,1000
secondary,normal,0.8852065225846292,106.7,1000
secondary,normal,0.8852163326870517,106.8,1000
secondary,normal,0.8852195757893833,106.9,1000
secondary,normal,0.885221442138864,107.0,1000
secondary,normal,0.885221442138864,107.1,1000
secondary,normal,0.8852222178463497,107.2,1000
secondary,normal,0.8852222178463497,107.3,1000
secondary,normal,0.8852222178463497,107.4,1000
secondary,normal,0.8852222178463497,107.5,1000
secondary,normal,0.8852222178463497,107.6,1000
secondary,normal,0.8852227267679909,107.7,1000
secondary,normal,0.8852232226701058,107.8,1000
secondary,normal,0.8852232226701058,107.9,1000
secondary,normal,0.8852232226701058,108.0,1000
secondary,normal,0.8852232226701058,108.1,1000
secondary,normal,0.8852232226701058,108.2,1000
secondary,normal,0.8852232226701058,108.3,1000
secondary,normal,0.8852232226701058,108.4,1000
secondary,normal,0.885223451041908,108.5,1000
secondary,normal,0.885223451041908,108.6,1000
secondary,normal,0.885223451041908,108.7,1000
secondary,normal,0.885223451041908,108.8,1000
secondary,normal,0.885223451041908,108.9,1000
secondary,normal,0.885223451041908,109.0,1000
secondary,normal,0.885223451041908,109.1,1000
secondary,normal,0.885223451041908,109.2,1000
secondary,normal,0.885223451041908,109.3,1000
secondary,normal,0.885223451041908,109.4,1000
secondary,normal,0.885223451041908,109.5,1000
secondary,normal,0.885223451041908,109.6,1000
secondary,normal,0.885223451041908,109.7,1000
secondary,normal,0.885223451041908,109.8,1000
secondary,normal,0.8852241192855979,109.9,1000
secondary,normal,0.8852241192855979,110.0,1000
secondary,normal,0.8852241192855979,110.1,1000
secondary,normal,0.8852255170050606,110.2,1000
secondary,normal,0.8852260286645864,110.3,1000
secondary,normal,0.8852264346328624,110.4,1000
secondary,normal,0.8852264346328624,110.5,1000
secondary,normal,0.8852266284500524,110.6,1000
secondary,normal,0.8852266284500524,110.7,1000
secondary,normal,0.8852266284500524,110.8,1000
secondary,normal,0.8852493264530231,110.9,1000
secondary,normal,0.8852493264530231,111.0,1000
secondary,normal,0.8852507445080515,111.1,1000
secondary,normal,0.8852514334018565,111.2,1000
secondary,normal,0.8852604405995854,111.3,1000
secondary,normal,0.8852604405995854,111.4,1000
secondary,normal,0.8852659479750425,111.5,1000
secondary,normal,0.8852681511329504,111.6,1000
secondary,normal,0.8852681511329504,111.7,1000
secondary,normal,0.8852727783251886,111.8,1000
secondary,normal,0.8852727783251886,111.9,1000
secondary,normal,0.8852740513654672,112.0,1000
secondary,normal,0.8852748659540814,112.1,1000
secondary,normal,0.8852788833764855,112.2,1000
secondary,normal,0.8852806816398415,112.3,1000
secondary,normal,0.8852806816398415,112.4,1000
secondary,normal,0.8852810775512743,112.5,1000
secondary,normal,0.8852810775512743,112.6,1000
secondary,normal,0.8852810775512743,112.7,1000
secondary,normal,0.8852810775512743,112.8,1000
secondary,normal,0.8852810775512743,112.9,1000
secondary,normal,0.8852810775512743,113.0,1000
secondary,normal,0.8852813945699322,113.1,1000
secondary,normal,0.8852813945699322,113.2,1000
secondary,normal,0.8852813945699322,113.3,1000
secondary,normal,0.8852813945699322,113.4,1000
secondary,normal,0.8852883577342162,113.5,1000
secondary,normal,0.8852906240525495,113.6,1000
secondary,normal,0.8852906240525495,113.7,1000
secondary,normal,0.8852942330236745,113.8,1000
secondary,normal,0.8852942330236745,113.9,1000
secondary,normal,0.8852952606356638,114.0,1000
secondary,normal,0.8852963918267387,114.1,1000
secondary,normal,0.8852963918267387,114.2,1000
secondary,normal,0.8852981437332013,114.3,1000
secondary,normal,0.8853040000549086,114.4,1000
secondary,normal,0.8853076714382052,114.5,1000
secondary,normal,0.8853078880314137,114.6,1000
secondary,normal,0.8853107391731669,114.7,1000
secondary,normal,0.885311043169581,114.8,1000
secondary,normal,0.885311416401527,114.9,1000
secondary,normal,0.8853128219796533,115.0,1000
secondary,normal,0.885313745097626,115.1,1000
secondary,normal,0.885313745097626,115.2,1000
secondary,normal,0.885313745097626,115.3,1000
secondary,normal,0.885313745097626,115.4,1000
secondary,normal,0.885313745097626,115.5,1000
secondary,normal,0.8853147572345318,115.6,1000
secondary,normal,0.8853147572345318,115.7,1000
secondary,normal,0.8853147572345318,115.8,1000
secondary,normal,0.8853147572345318,115.9,1000
secondary,normal,0.8853147572345318,116.0,1000
secondary,normal,0.8853147572345318,116.1,1000
secondary,normal,0.8853147572345318,116.2,1000
secondary,normal,0.8853147572345318,116.3,1000
secondary,normal,0.8853152234650852,116.4,1000
secondary,normal,0.8853152234650852,116.5,1000
secondary,normal,0.8853162889103395,116.6,1000
secondary,normal,0.8853162889103395,116.7,1000
secondary,normal,0.8853162889103395,116.8,1000
secondary,normal,0.8853164526200287,116.9,1000
secondary,normal,0.8853176393373422,117.0,1000
secondary,normal,0.8853176393373422,117.1,1000
secondary,normal,0.885317784438404,117.2,1000
secondary,normal,0.885317784438404,117.3,1000
secondary,normal,0.885317784438404,117.4,1000
secondary,normal,0.8853191209899249,117.5,1000
secondary,normal,0.8853191209899249,117.6,1000
secondary,normal,0.8853191209899249,117.7,1000
secondary,normal,0.8853191209899249,117.8,1000
secondary,normal,0.8853198642312636,117.9,1000
secondary,normal,0.8853253854356546,118.0,1000
secondary,normal,0.8853361618320026,118.1,1000
secondary,normal,0.8853361618320026,118.2,1000
secondary,normal,0.8853361618320026,118.3,1000
secondary,normal,0.8853361618320026,118.4,1000
secondary,normal,0.8853361618320026,118.5,1000
secondary,normal,0.8853361618320026,118.6,1000
secondary,normal,0.8853442858017654,118.7,1000
secondary,normal,0.8853442858017654,118.8,1000
secondary,normal,0.8853442858017654,118.9,1000
secondary,normal,0.8853442858017654,119.0,1000
secondary,normal,0.8853442858017654,119.1,1000
secondary,normal,0.8853442858017654,119.2,1000
secondary,normal,0.8853442858017654,119.3,1000
secondary,normal,0.8853442858017654,119.4,1000
secondary,normal,0.8853442858017654,119.5,1000
secondary,normal,0.8853442858017654,119.6,1000
secondary,normal,0.8853442858017654,119.7,1000
secondary,normal,0.8853442858017654,119.8,1000
secondary,normal,0.8853442858017654,119.9,1000
secondary,normal,0.8853442858017654,120.0,1000
primary,blind,0.05442588306690788,0.0,750
primary,blind,0.07150442198300647,0.1,750
primary,blind,0.08030552191484207,0.2,750
primary,blind,0.09390572591521447,0.3,750
primary,blind,0.10395842180669758,0.4,750
primary,blind,0.11358779489934497,0.5,750
primary,blind,0.1324648843128706,0.6,750
primary,blind,0.14993150790073634,0.7,750
primary,blind,0.16383328737216926,0.8,750
primary,blind,0.1774732377671922,0.9,750
primary,blind,0.1898074987091422,1.0,750
primary,blind,0.19491619068034932,1.1,750
primary,blind,0.20024524732931756,1.2,750
primary,blind,0.2059974167104994,1.3,750
primary,blind,0.21184330046661262,1.4,750
primary,blind,0.21574298983277831,1.5,750
primary,blind,0.2176941558034706,1.6,750
primary,blind,0.21939792501920694,1.7,750
primary,blind,0.22089550209637823,1.8,750
primary,blind,0.2223005588678158,1.9,750
primary,blind,0.22380215909059545,2.0,750
primary,blind,0.22637896185405051,2.1,750
primary,blind,0.22943876084754125,2.2,750
primary,blind,0.2367424725054738,2.3,750
primary,blind,0.24318840999286045,2.4,750
primary,blind,0.2482316333851575,2.5,750
primary,blind,0.25143203742439085,2.6,750
primary,blind,0.2598905234057157,2.7,750
primary,blind,0.26199058732098174,2.8,750
primary,blind,0.26335120312268795,2.9,750
primary,blind,0.2643232106420816,3.0,750
primary,blind,0.2653093395545479,3.1,750
primary,blind,0.26683122862537634,3.2,750
primary,blind,0.27013543568282006,3.3,750
primary,blind,0.2741248467020846,3.4,750
primary,blind,0.27743714393319696,3.5,750
primary,blind,0.28048787796533786,3.6,750
primary,blind,0.28379983767999956,3.7,750
primary,blind,0.2864134376970753,3.8,750
primary,blind,0.28894845099527305,3.9,750
primary,blind,0.2917155046172418,4.0,750
primary,blind,0.29473272598736827,4.1,750
primary,blind,0.297198489086049,4.2,750
primary,blind,0.30886292028957363,4.3,750
primary,blind,0.3317747006246098,4.4,750
primary,blind,0.34012798600103367,4.5,750
primary,blind,0.3502934554454818,4.6,750
primary,blind,0.36228223628838985,4.7,750
primary,blind,0.3709504577182846,4.8,750
primary,blind,0.3769219016937091,4.9,750
primary,blind,0.38116982582840947,5.0,750
primary,blind,0.38558577405784256,5.1,750
primary,blind,0.38981457326147745,5.2,750
primary,blind,0.39499630617788023,5.3,750
primary,blind,0.4026504667271986,5.4,750
primary,blind,0.40909174020430666,5.5,750
primary,blind,0.4128402367753004,5.6,750
primary,blind,0.41436303920165213,5.7,750
primary,blind,0.41567807801507123,5.8,750
primary,blind,0.4170124377983455,5.9,750
primary,blind,0.4181425597108397,6.0,750
primary,blind,0.4223600339558142,6.1,750
primary,blind,0.427339519833326,6.2,750
primary,blind,0.43389851731989254,6.3,750
primary,blind,0.43839369089958813,6.4,750
primary,blind,0.4424027594611119,6.5,750
primary,blind,0.4451376877650979,6.6,750
primary,blind,0.4464727170564508,6.7,750
primary,blind,0.4474707588401596,6.8,750
primary,blind,0.4491902465341633,6.9,750
primary,blind,0.45099913889031473,7.0,750
primary,blind,0.4520199419463597,7.1,750
primary,blind,0.4535449795402197,7.2,750
primary,blind,0.4554588101168418,7.3,750
primary,blind,0.4571929762780834,7.4,750
primary,blind,0.45855862309525686,7.5,750
primary,blind,0.4592375520049429,7.6,750
primary,blind,0.4599860380725425,7.7,750
primary,blind,0.4605922366521123,7.8,750
primary,blind,0.4621997942029965,7.9,750
primary,blind,0.4636694818754367,8.0,750
primary,blind,0.46558853043737697,8.1,750
primary,blind,0.46643173816139466,8.2,750
primary,blind,0.4678870148274189,8.3,750
primary,blind,0.4689862386578426,8.4,750
primary,blind,0.46917114235788543,8.5,750
primary,blind,0.46923442794885467,8.6,750
primary,blind,0.4694485719537145,8.7,750
primary,blind,0.4695594023619953,8.8,750
primary,blind,0.46963776026209725,8.9,750
primary,blind,0.4698966950846648,9.0,750
primary,blind,0.47027213472549806,9.1,750
primary,blind,0.4705971453327484,9.2,750
primary,blind,0.47099701427964186,9.3,750
primary,blind,0.47162652630018986,9.4,750
primary,blind,0.47200667254000706,9.5,750
primary,blind,0.4721354925154206,9.6,750
primary,blind,0.473746747554666,9.7,750
primary,blind,0.4758489786576345,9.8,750
primary,blind,0.4771741636191813,9.9,750
primary,blind,0.4777373316263882,10.0,750
primary,blind,0.4783958091043915,10.1,750
primary,blind,0.47928367898862906,10.2,750
primary,blind,0.4798826339625816,10.3,750
primary,blind,0.4804179168417583,10.4,750
primary,blind,0.48086468174840413,10.5,750
primary,blind,0.4814380983230426,10.6,750
primary,blind,0.48234143611946373,10.7,750
primary,blind,0.4828472329199029,10.8,750
primary,blind,0.4835174559055618,10.9,750
primary,blind,0.4844273057342158,11.0,750
primary,blind,0.4849388855600651,11.1,750
primary,blind,0.48564146526437946,11.2,750
primary,blind,0.4861875791736821,11.3,750
primary,blind,0.48669163437769675,11.4,750
primary,blind,0.48748918496649285,11.5,750
primary,blind,0.4884356002400266,11.6,750
primary,blind,0.48931607604595073,11.7,750
primary,blind,0.48963993820507684,11.8,750
primary,blind,0.4898746451638779,11.9,750
primary,blind,0.4902036861822366,12.0,750
primary,blind,0.49028684796982347,12.1,750
primary,blind,0.4903494756415661,12.2,750
primary,blind,0.49045408306756155,12.3,750
primary,blind,0.49066677329114405,12.4,750
primary,blind,0.4907470158638731,12.5,750
primary,blind,0.49080115808545827,12.6,750
primary,blind,0.49693970130717074,12.7,750
primary,blind,0.49931962050508305,12.8,750
primary,blind,0.503022711161427,12.9,750
primary,blind,0.5059625081232577,13.0,750
primary,blind,0.5092974512139796,13.1,750
primary,blind,0.5137056556038851,13.2,750
primary,blind,0.5164441813105717,13.3,750
primary,blind,0.5183556102698089,13.4,750
primary,blind,0.524207503838395,13.5,750
primary,blind,0.5303386718739727,13.6,750
primary,blind,0.533016679715663,13.7,750
primary,blind,0.5375095802239672,13.8,750
primary,blind,0.5389145376093585,13.9,750
primary,blind,0.5460936601841577,14.0,750
primary,blind,0.548099006198477,14.1,750
primary,blind,0.5489973732617973,14.2,750
primary,blind,0.549495399298795,14.3,750
primary,blind,0.5498073605031831,14.4,750
primary,blind,0.5500651018889627,14.5,750
primary,blind,0.5503719174145538,14.6,750
primary,blind,0.5506003653721162,14.7,750
primary,blind,0.5507870413859999,14.8,750
primary,blind,0.5509867473635558,14.9,750
primary,blind,0.551199565006287,15.0,750
primary,blind,0.5517462779906166,15.1,750
primary,blind,0.5523021560528325,15.2,750
primary,blind,0.5531309639629707,15.3,750
primary,blind,0.5539197255291177,15.4,750
primary,blind,0.5545566476271252,15.5,750
primary,blind,0.5549831386202494,15.6,750
primary,blind,0.5552303237596623,15.7,750
primary,blind,0.5554905861977363,15.8,750
primary,blind,0.5557173975868132,15.9,750
primary,blind,0.5559749695615674,16.0,750
primary,blind,0.556296781973149,16.1,750
primary,blind,0.556484382328366,16.2,750
primary,blind,0.5568235046888851,16.3,750
primary,blind,0.5572992171032589,16.4,750
primary,blind,0.5576310031225222,16.5,750
primary,blind,0.5578288031963808,16.6,750
primary,blind,0.5579388417050517,16.7,750
primary,blind,0.558087249252603,16.8,750
primary,blind,0.5585352887982405,16.9,750
primary,blind,0.5588705323972072,17.0,750
primary,blind,0.5592334261036924,17.1,750
primary,blind,0.5593465212213878,17.2,750
primary,blind,0.5603411228887911,17.3,750
primary,blind,0.5613788969785826,17.4,750
primary,blind,0.5649739019263913,17.5,750
primary,blind,0.5683738517804066,17.6,750
primary,blind,0.5722954056621788,17.7,750
primary,blind,0.5758576871517612,17.8,750
primary,blind,0.5764301826067938,17.9,750
primary,blind,0.5767640826963485,18.0,750
primary,blind,0.578020869958877,18.1,750
primary,blind,0.581081473641171,18.2,750
primary,blind,0.5814893210783151,18.3,750
primary,blind,0.5838158261541081,18.4,750
primary,blind,0.5849033419735516,18.5,750
primary,blind,0.5863656448673276,18.6,750
primary,blind,0.5875488235683519,18.7,750
primary,blind,0.5880358688768499,18.8,750
primary,blind,0.5885044827401427,18.9,750
primary,blind,0.5888094946468969,19.0,750
primary,blind,0.5892772249078964,19.1,750
primary,blind,0.589738735297407,19.2,750
primary,blind,0.590097628683095,19.3,750
primary,blind,0.5903404841418307,19.4,750
primary,blind,0.5906927529033836,19.5,750
primary,blind,0.5908594729791028,19.6,750
primary,blind,0.5909146029298901,19.7,750
primary,blind,0.5911495079377719,19.8,750
primary,blind,0.5914750263460812,19.9,750
primary,blind,0.5919258050846914,20.0,750
primary,blind,0.5922988201519678,20.1,750
primary,blind,0.5925853312025626,20.2,750
primary,blind,0.5928369859394044,20.3,750
primary,blind,0.5930412053009161,20.4,750
primary,blind,0.5932407980236398,20.5,750
primary,blind,0.593696209420102,20.6,750
primary,blind,0.5944292978190108,20.7,750
primary,blind,0.5946311357998633,20.8,750
primary,blind,0.5947048399586795,20.9,750
primary,blind,0.5948019093370809,21.0,750
primary,blind,0.5948649810994519,21.1,750
primary,blind,0.5949257947415887,21.2,750
primary,blind,0.5949754640995887,21.3,750
primary,blind,0.5950586731694607,21.4,750
primary,blind,0.5952477900577018,21.5,750
primary,blind,0.5955447444889839,21.6,750
primary,blind,0.596325423036284,21.7,750
primary,blind,0.5964652746388963,21.8,750
primary,blind,0.5976852674635078,21.9,750
primary,blind,0.5995282341861538,22.0,750
primary,blind,0.6009240110614904,22.1,750
primary,blind,0.6027984222074673,22.2,750
primary,blind,0.6031693971750631,22.3,750
primary,blind,0.6033191836250448,22.4,750
primary,blind,0.6040932865410664,22.5,750
primary,blind,0.6056016667339281,22.6,750
primary,blind,0.6067352371452149,22.7,750
primary,blind,0.6080255462464719,22.8,750
primary,blind,0.608421301806454,22.9,750
primary,blind,0.610466302432393,23.0,750
primary,blind,0.6114807311597005,23.1,750
primary,blind,0.6128448417179385,23.2,750
primary,blind,0.6134088948655122,23.3,750
primary,blind,0.6136631683191438,23.4,750
primary,blind,0.6139333560534711,23.5,750
primary,blind,0.6146312747202395,23.6,750
primary,blind,0.6147559137334937,23.7,750
primary,blind,0.6148026005455816,23.8,750
primary,blind,0.6148402582687608,23.9,750
primary,blind,0.6148601065140185,24.0,750
primary,blind,0.6149582866952176,24.1,750
primary,blind,0.6151339950781197,24.2,750
primary,blind,0.6154476669542542,24.3,750
primary,blind,0.6155820956120591,24.4,750
primary,blind,0.6157516736289279,24.5,750
primary,blind,0.6159182216238116,24.6,750
primary,blind,0.6159324507510573,24.7,750
primary,blind,0.6159445623323215,24.8,750
primary,blind,0.6159606592310684,24.9,750
primary,blind,0.6159791105674476,25.0,750
primary,blind,0.6159855710049482,25.1,750
primary,blind,0.6160296667927364,25.2,750
primary,blind,0.6160997801513406,25.3,750
primary,blind,0.6164487433201942,25.4,750
primary,blind,0.6165522629384064,25.5,750
primary,blind,0.6166822315371902,25.6,750
primary,blind,0.6166991355866528,25.7,750
primary,blind,0.6167305085239102,25.8,750
primary,blind,0.6167428015066788,25.9,750
primary,blind,0.6167520031831578,26.0,750
primary,blind,0.6171487438242526,26.1,750
primary,blind,0.617177279928545,26.2,750
primary,blind,0.6174554202926992,26.3,750
primary,blind,0.6182245605554348,26.4,750
primary,blind,0.6186245860001427,26.5,750
primary,blind,0.6196328942380376,26.6,750
primary,blind,0.6196875139370047,26.7,750
primary,blind,0.619694072191193,26.8,750
primary,blind,0.6197526056127981,26.9,750
primary,blind,0.6217885529919788,27.0,750
primary,blind,0.6227624952093008,27.1,750
primary,blind,0.6236152762002406,27.2,750
primary,blind,0.6237932928911669,27.3,750
primary,blind,0.6243009789817872,27.4,750
primary,blind,0.624678548323681,27.5,750
primary,blind,0.6248716560013723,27.6,750
primary,blind,0.6249697626165972,27.7,750
primary,blind,0.6250360895681571,27.8,750
primary,blind,0.6250944607742824,27.9,750
primary,blind,0.6251146560186355,28.0,750
primary,blind,0.625172021655073,28.1,750
primary,blind,0.6252625267672587,28.2,750
primary,blind,0.6253768490609708,28.3,750
primary,blind,0.6254816951156525,28.4,750
primary,blind,0.6255983227584058,28.5,750
primary,blind,0.6256710200884305,28.6,750
primary,blind,0.6257168611905003,28.7,750
primary,blind,0.6257816688094829,28.8,750
primary,blind,0.6258289703716132,28.9,750
primary,blind,0.6259119496732498,29.0,750
primary,blind,0.6259557846389641,29.1,750
primary,blind,0.6260168759694371,29.2,750
primary,blind,0.6260707755951869,29.3,750
primary,blind,0.6261032749061839,29.4,750
primary,blind,0.6261933142222694,29.5,750
primary,blind,0.6262271648909472,29.6,750
primary,blind,0.6262517260992824,29.7,750
primary,blind,0.6262644663158475,29.8,750
primary,blind,0.626290722576245,29.9,750
primary,blind,0.6263693364658484,30.0,750
primary,blind,0.6263844481930833,30.1,750
primary,blind,0.62639061126294,30.2,750
primary,blind,0.6264191307274316,30.3,750
primary,blind,0.6264309153233006,30.4,750
primary,blind,0.6266430905015047,30.5,750
primary,blind,0.6268102490299675,30.6,750
primary,blind,0.6277849225347605,30.7,750
primary,blind,0.628126981327256,30.8,750
primary,blind,0.6282774814907002,30.9,750
primary,blind,0.6289092648201536,31.0,750
primary,blind,0.6290630360690252,31.1,750
primary,blind,0.6291001350979137,31.2,750
primary,blind,0.629175803267164,31.3,750
primary,blind,0.63012780904941,31.4,750
primary,blind,0.63071110927323,31.5,750
primary,blind,0.6320035156045379,31.6,750
primary,blind,0.6322590667156489,31.7,750
primary,blind,0.6330413883681962,31.8,750
primary,blind,0.6334394484463624,31.9,750
primary,blind,0.6336293416890274,32.0,750
primary,blind,0.633693821336966,32.1,750
primary,blind,0.6338163941583844,32.2,750
primary,blind,0.6338556384913056,32.3,750
primary,blind,0.6339615161544256,32.4,750
primary,blind,0.6342097413798037,32.5,750
primary,blind,0.6342513444511791,32.6,750
primary,blind,0.6342674803594298,32.7,750
primary,blind,0.6342759456283023,32.8,750
primary,blind,0.6342759456283023,32.9,750
primary,blind,0.6342759456283023,33.0,750
primary,blind,0.6343311119102206,33.1,750
primary,blind,0.6343346798935819,33.2,750
primary,blind,0.6343545738740259,33.3,750
primary,blind,0.6344582979246862,33.4,750
primary,blind,0.63461976158037,33.5,750
primary,blind,0.6348058315665894,33.6,750
primary,blind,0.6348484597675372,33.7,750
primary,blind,0.6348519569707413,33.8,750
primary,blind,0.6348654388174572,33.9,750
primary,blind,0.6348810570266299,34.0,750
primary,blind,0.6349121693612884,34.1,750
primary,blind,0.6350475848941852,34.2,750
primary,blind,0.6353236246259061,34.3,750
primary,blind,0.6354820852242969,34.4,750
primary,blind,0.6355144997122306,34.5,750
primary,blind,0.6355146165242973,34.6,750
primary,blind,0.6355184758875113,34.7,750
primary,blind,0.6355184758875113,34.8,750
primary,blind,0.6356171220499918,34.9,750
primary,blind,0.635621397572422,35.0,750
primary,blind,0.6356570344193038,35.1,750
primary,blind,0.6357138363000101,35.2,750
primary,blind,0.6358119931280027,35.3,750
primary,blind,0.6363443609106129,35.4,750
primary,blind,0.6363926966443265,35.5,750
primary,blind,0.6364212256279083,35.6,750
primary,blind,0.6365056137500509,35.7,750
primary,blind,0.6372797683041951,35.8,750
primary,blind,0.6380278545953062,35.9,750
primary,blind,0.638692344813565,36.0,750
primary,blind,0.6389971324411495,36.1,750
primary,blind,0.6392188566554308,36.2,750
primary,blind,0.6392932163662536,36.3,750
primary,blind,0.6393555562407103,36.4,750
primary,blind,0.6393867067903425,36.5,750
primary,blind,0.6394205204738999,36.6,750
primary,blind,0.6394362476511921,36.7,750
primary,blind,0.6394384543312897,36.8,750
primary,blind,0.6394384543312897,36.9,750
primary,blind,0.6394384543312897,37.0,750
primary,blind,0.639441933627046,37.1,750
primary,blind,0.6394829641538194,37.2,750
primary,blind,0.639484611650087,37.3,750
primary,blind,0.639484611650087,37.4,750
primary,blind,0.6394890025067033,37.5,750
primary,blind,0.6396770877775191,37.6,750
primary,blind,0.6404332758558706,37.7,750
primary,blind,0.6407244525603417,37.8,750
primary,blind,0.6409061479983386,37.9,750
primary,blind,0.6409293539143238,38.0,750
primary,blind,0.6409547962307609,38.1,750
primary,blind,0.6409569749086753,38.2,750
primary,blind,0.6409569749086753,38.3,750
primary,blind,0.6409569749086753,38.4,750
primary,blind,0.6410796362195276,38.5,750
primary,blind,0.6411060628029291,38.6,750
primary,blind,0.6412689378174654,38.7,750
primary,blind,0.6412715639971182,38.8,750
primary,blind,0.6412842490745205,38.9,750
primary,blind,0.6412873590035398,39.0,750
primary,blind,0.6412983214080146,39.1,750
primary,blind,0.6415497791245358,39.2,750
primary,blind,0.6419218795274712,39.3,750
primary,blind,0.6421525367657034,39.4,750
primary,blind,0.6423567887212676,39.5,750
primary,blind,0.6425893293265555,39.6,750
primary,blind,0.6431570845198826,39.7,750
primary,blind,0.6443517614362266,39.8,750
primary,blind,0.6444901009979068,39.9,750
primary,blind,0.6446446701340156,40.0,750
primary,blind,0.6447796917628087,40.1,750
primary,blind,0.6468433001749264,40.2,750
primary,blind,0.6472965389907241,40.3,750
primary,blind,0.6490263820077321,40.4,750
primary,blind,0.6494469515084346,40.5,750
primary,blind,0.6500454123504827,40.6,750
primary,blind,0.6502024906059499,40.7,750
primary,blind,0.6502129085835642,40.8,750
primary,blind,0.6502393408004961,40.9,750
primary,blind,0.6502661899020794,41.0,750
primary,blind,0.6503091710668049,41.1,750
primary,blind,0.6503552870186975,41.2,750
primary,blind,0.6503875802398686,41.3,750
primary,blind,0.6503989895418053,41.4,750
primary,blind,0.6504008677367831,41.5,750
primary,blind,0.6504139493919552,41.6,750
primary,blind,0.6504176087264556,41.7,750
primary,blind,0.6504176087264556,41.8,750
primary,blind,0.6504317747366142,41.9,750
primary,blind,0.6506175473190918,42.0,750
primary,blind,0.6509616784643913,42.1,750
primary,blind,0.6511367702698203,42.2,750
primary,blind,0.6511888040924999,42.3,750
primary,blind,0.651192356971584,42.4,750
primary,blind,0.6511953504792773,42.5,750
primary,blind,0.6511975106446998,42.6,750
primary,blind,0.6511978898583096,42.7,750
primary,blind,0.6511989108698681,42.8,750
primary,blind,0.65120678047594,42.9,750
primary,blind,0.65120678047594,43.0,750
primary,blind,0.65120678047594,43.1,750
primary,blind,0.6512079593335477,43.2,750
primary,blind,0.6512096508165229,43.3,750
primary,blind,0.6512114701778092,43.4,750
primary,blind,0.6512114701778092,43.5,750
primary,blind,0.6512114701778092,43.6,750
primary,blind,0.6512121389066314,43.7,750
primary,blind,0.6512128910014556,43.8,750
primary,blind,0.6512823581590168,43.9,750
primary,blind,0.6516618541296474,44.0,750
primary,blind,0.6528696962949704,44.1,750
primary,blind,0.6539695133375102,44.2,750
primary,blind,0.6545791421325959,44.3,750
primary,blind,0.6547446039569763,44.4,750
primary,blind,0.6549041301636571,44.5,750
primary,blind,0.6557070654915812,44.6,750
primary,blind,0.6558763685831069,44.7,750
primary,blind,0.6564610935593798,44.8,750
primary,blind,0.6566966929764738,44.9,750
primary,blind,0.6571937612180905,45.0,750
primary,blind,0.6574204525743859,45.1,750
primary,blind,0.6575575943439443,45.2,750
primary,blind,0.6576866995158056,45.3,750
primary,blind,0.6577466408410186,45.4,750
primary,blind,0.6577704081798171,45.5,750
primary,blind,0.6577804131987197,45.6,750
primary,blind,0.6578538890152401,45.7,750
primary,blind,0.6579006721359274,45.8,750
primary,blind,0.6579006721359274,45.9,750
primary,blind,0.6579021504446843,46.0,750
primary,blind,0.6579403214865617,46.1,750
primary,blind,0.6579601565663346,46.2,750
primary,blind,0.6579601565663346,46.3,750
primary,blind,0.6579601565663346,46.4,750
primary,blind,0.6579707528871032,46.5,750
primary,blind,0.6579707528871032,46.6,750
primary,blind,0.6579711777166494,46.7,750
primary,blind,0.6579721651160421,46.8,750
primary,blind,0.6579721651160421,46.9,750
primary,blind,0.6579785868413003,47.0,750
primary,blind,0.6579790263460361,47.1,750
primary,blind,0.6579790263460361,47.2,750
primary,blind,0.6579790263460361,47.3,750
primary,blind,0.6579790263460361,47.4,750
primary,blind,0.6580013863875759,47.5,750
primary,blind,0.6580245482339117,47.6,750
primary,blind,0.658025464082386,47.7,750
primary,blind,0.6580270215117267,47.8,750
primary,blind,0.6580288532537357,47.9,750
primary,blind,0.6580309893566859,48.0,750
primary,blind,0.6581856192864634,48.1,750
primary,blind,0.6581975246984209,48.2,750
primary,blind,0.6583067856448255,48.3,750
primary,blind,0.658696948374799,48.4,750
primary,blind,0.6588238224335534,48.5,750
primary,blind,0.6589673737988744,48.6,750
primary,blind,0.6590285082584525,48.7,750
primary,blind,0.6590451183995952,48.8,750
primary,blind,0.6591383622316954,48.9,750
primary,blind,0.6593215359891039,49.0,750
primary,blind,0.6593944165823432,49.1,750
primary,blind,0.6596140407574169,49.2,750
primary,blind,0.6598731111432041,49.3,750
primary,blind,0.6602988516770494,49.4,750
primary,blind,0.6604731241894274,49.5,750
primary,blind,0.6604966853739793,49.6,750
primary,blind,0.6605051869549354,49.7,750
primary,blind,0.6605176798232752,49.8,750
primary,blind,0.6605358973885755,49.9,750
primary,blind,0.6605440796009001,50.0,750
primary,blind,0.6605542175070875,50.1,750
primary,blind,0.6605592691966665,50.2,750
primary,blind,0.6605606055701653,50.3,750
primary,blind,0.6605952607601936,50.4,750
primary,blind,0.6607011655090061,50.5,750
primary,blind,0.6608889706812243,50.6,750
primary,blind,0.6613352329938263,50.7,750
primary,blind,0.6615299012560659,50.8,750
primary,blind,0.6615466520935988,50.9,750
primary,blind,0.6615498972011113,51.0,750
primary,blind,0.661670576313254,51.1,750
primary,blind,0.6616994138815884,51.2,750
primary,blind,0.661714700136811,51.3,750
primary,blind,0.6618223915068853,51.4,750
primary,blind,0.6618610809687809,51.5,750
primary,blind,0.6618637124213484,51.6,750
primary,blind,0.6618738858881354,51.7,750
primary,blind,0.6618788746873338,51.8,750
primary,blind,0.6620183922162319,51.9,750
primary,blind,0.6620474720001347,52.0,750
primary,blind,0.6620636762052604,52.1,750
primary,blind,0.6621346764328986,52.2,750
primary,blind,0.662253139082175,52.3,750
primary,blind,0.6622588039655485,52.4,750
primary,blind,0.6622588039655485,52.5,750
primary,blind,0.6622609062134927,52.6,750
primary,blind,0.6623122228337153,52.7,750
primary,blind,0.6623356536299257,52.8,750
primary,blind,0.6626773648643969,52.9,750
primary,blind,0.6630337194174859,53.0,750
primary,blind,0.6633446015174617,53.1,750
primary,blind,0.6635331160102809,53.2,750
primary,blind,0.6638853584304396,53.3,750
primary,blind,0.664304692281864,53.4,750
primary,blind,0.6644616562960697,53.5,750
primary,blind,0.6648885726528933,53.6,750
primary,blind,0.6650010381034739,53.7,750
primary,blind,0.6653987562501892,53.8,750
primary,blind,0.6654457018961523,53.9,750
primary,blind,0.6654535969472346,54.0,750
primary,blind,0.6654590064326064,54.1,750
primary,blind,0.6654632268870181,54.2,750
primary,blind,0.6654937907130557,54.3,750
primary,blind,0.6654955474112308,54.4,750
primary,blind,0.6654955474112308,54.5,750
primary,blind,0.6654955474112308,54.6,750
primary,blind,0.6656118098246468,54.7,750
primary,blind,0.6656203851428112,54.8,750
primary,blind,0.6656583939565694,54.9,750
primary,blind,0.6656686559469699,55.0,750
primary,blind,0.6657086428061187,55.1,750
primary,blind,0.6657997679922015,55.2,750
primary,blind,0.6658014154884689,55.3,750
primary,blind,0.6658014154884689,55.4,750
primary,blind,0.6658047005039511,55.5,750
primary,blind,0.6658047005039511,55.6,750
primary,blind,0.6658047005039511,55.7,750
primary,blind,0.6658047005039511,55.8,750
primary,blind,0.6658047005039511,55.9,750
primary,blind,0.6658047005039511,56.0,750
primary,blind,0.6658047005039511,56.1,750
primary,blind,0.6658055362175089,56.2,750
primary,blind,0.6658078834321983,56.3,750
primary,blind,0.6658191792925976,56.4,750
primary,blind,0.6658454812464788,56.5,750
primary,blind,0.6658785514313105,56.6,750
primary,blind,0.6659680616271666,56.7,750
primary,blind,0.6659738519201176,56.8,750
primary,blind,0.665980164021076,56.9,750
primary,blind,0.665980164021076,57.0,750
primary,blind,0.6661088515248406,57.1,750
primary,blind,0.6671584998963038,57.2,750
primary,blind,0.6678965847682831,57.3,750
primary,blind,0.6685873328276953,57.4,750
primary,blind,0.6686130858250131,57.5,750
primary,blind,0.6686297325711504,57.6,750
primary,blind,0.6689630344198637,57.7,750
primary,blind,0.6706964757489152,57.8,750
primary,blind,0.6710012171575265,57.9,750
primary,blind,0.6715306144422039,58.0,750
primary,blind,0.6715792282587573,58.1,750
primary,blind,0.6716211045609337,58.2,750
primary,blind,0.671644541728187,58.3,750
primary,blind,0.6716606499067018,58.4,750
primary,blind,0.6716735798739969,58.5,750
primary,blind,0.6716824865226266,58.6,750
primary,blind,0.6716998755352128,58.7,750
primary,blind,0.6717084830627594,58.8,750
primary,blind,0.6717196568539762,58.9,750
primary,blind,0.6717202449229686,59.0,750
primary,blind,0.6717237633750235,59.1,750
primary,blind,0.6717285689415092,59.2,750
primary,blind,0.6717285689415092,59.3,750
primary,blind,0.6717287982774618,59.4,750
primary,blind,0.6717353805751657,59.5,750
primary,blind,0.6717370568964187,59.6,750
primary,blind,0.6717409167606961,59.7,750
primary,blind,0.6717423848833269,59.8,750
primary,blind,0.671744470525232,59.9,750
primary,blind,0.671746638480393,60.0,750
primary,blind,0.6717672942826429,60.1,750
primary,blind,0.6718178946257386,60.2,750
primary,blind,0.6718187021598417,60.3,750
primary,blind,0.671838250127785,60.4,750
primary,blind,0.671852000257124,60.5,750
primary,blind,0.671852000257124,60.6,750
primary,blind,0.6718535192278294,60.7,750
primary,blind,0.6718540979844226,60.8,750
primary,blind,0.6718565783843637,60.9,750
primary,blind,0.6718573303675518,61.0,750
primary,blind,0.6718573303675518,61.1,750
primary,blind,0.6718573303675518,61.2,750
primary,blind,0.6718583531546953,61.3,750
primary,blind,0.6718742041018991,61.4,750
primary,blind,0.6718765628743932,61.5,750
primary,blind,0.6718774386942429,61.6,750
primary,blind,0.6718988756838853,61.7,750
primary,blind,0.6721866298396634,61.8,750
primary,blind,0.6722172431860269,61.9,750
primary,blind,0.6722516327923097,62.0,750
primary,blind,0.6723383356581742,62.1,750
primary,blind,0.6729834571430638,62.2,750
primary,blind,0.6737673429448522,62.3,750
primary,blind,0.6747872940090673,62.4,750
primary,blind,0.6749968053843144,62.5,750
primary,blind,0.675647226864809,62.6,750
primary,blind,0.6756680125377612,62.7,750
primary,blind,0.6757521422436555,62.8,750
primary,blind,0.675769083834454,62.9,750
primary,blind,0.675785174581001,63.0,750
primary,blind,0.6758132713780725,63.1,750
primary,blind,0.6760058721131699,63.2,750
primary,blind,0.67605766524079,63.3,750
primary,blind,0.6760930296383629,63.4,750
primary,blind,0.6760949856907643,63.5,750
primary,blind,0.6761037786170576,63.6,750
primary,blind,0.6762617960159708,63.7,750
primary,blind,0.6762624683928211,63.8,750
primary,blind,0.6763144296855331,63.9,750
primary,blind,0.6763202684459734,64.0,750
primary,blind,0.6763210648495057,64.1,750
primary,blind,0.6763235036854609,64.2,750
primary,blind,0.6763235036854609,64.3,750
primary,blind,0.6763235036854609,64.4,750
primary,blind,0.6763338791315883,64.5,750
primary,blind,0.6764954251634884,64.6,750
primary,blind,0.6765304552699786,64.7,750
primary,blind,0.6765870751591236,64.8,750
primary,blind,0.6767392556079785,64.9,750
primary,blind,0.6768467208374499,65.0,750
primary,blind,0.6768644849795297,65.1,750
primary,blind,0.6768738786572304,65.2,750
primary,blind,0.676914927230081,65.3,750
primary,blind,0.676928568444939,65.4,750
primary,blind,0.676937008168214,65.5,750
primary,blind,0.6769431004797958,65.6,750
primary,blind,0.6770184237207334,65.7,750
primary,blind,0.6770230801148176,65.8,750
primary,blind,0.6772628048219946,65.9,750
primary,blind,0.6774214748249432,66.0,750
primary,blind,0.6775452152940055,66.1,750
primary,blind,0.6778139260351213,66.2,750
primary,blind,0.6778421334260751,66.3,750
primary,blind,0.6778433691043094,66.4,750
primary,blind,0.6781423713958578,66.5,750
primary,blind,0.6781944975949444,66.6,750
primary,blind,0.6782560139609922,66.7,750
primary,blind,0.6787625807520004,66.8,750
primary,blind,0.6788791373725114,66.9,750
primary,blind,0.679824465222178,67.0,750
primary,blind,0.6801010637117572,67.1,750
primary,blind,0.6801543755521735,67.2,750
primary,blind,0.680167496796867,67.3,750
primary,blind,0.6803572105139816,67.4,750
primary,blind,0.6804686233019653,67.5,750
primary,blind,0.6805084707569232,67.6,750
primary,blind,0.6805109292552818,67.7,750
primary,blind,0.6805109292552818,67.8,750
primary,blind,0.6805109292552818,67.9,750
primary,blind,0.6805109292552818,68.0,750
primary,blind,0.6805109292552818,68.1,750
primary,blind,0.6805151884607703,68.2,750
primary,blind,0.6805151884607703,68.3,750
primary,blind,0.6805151884607703,68.4,750
primary,blind,0.6805163462166083,68.5,750
primary,blind,0.6805209116089339,68.6,750
primary,blind,0.6805209116089339,68.7,750
primary,blind,0.6805216432594874,68.8,750
primary,blind,0.680534386712213,68.9,750
primary,blind,0.6805356359339876,69.0,750
primary,blind,0.6805467233488149,69.1,750
primary,blind,0.6805499519462124,69.2,750
primary,blind,0.6805499519462124,69.3,750
primary,blind,0.6805550186590866,69.4,750
primary,blind,0.6805622697893015,69.5,750
primary,blind,0.6805622697893015,69.6,750
primary,blind,0.6805622697893015,69.7,750
primary,blind,0.6805622697893015,69.8,750
primary,blind,0.6805622697893015,69.9,750
primary,blind,0.6805622697893015,70.0,750
primary,blind,0.6806359439377526,70.1,750
primary,blind,0.680670937234774,70.2,750
primary,blind,0.6806910668755115,70.3,750
primary,blind,0.6806984367531022,70.4,750
primary,blind,0.6806984367531022,70.5,750
primary,blind,0.6808280450843245,70.6,750
primary,blind,0.6808330659693821,70.7,750
primary,blind,0.6808330659693821,70.8,750
primary,blind,0.6812133265133116,70.9,750
primary,blind,0.6814208232278662,71.0,750
primary,blind,0.6819910963233304,71.1,750
primary,blind,0.6828356308891169,71.2,750
primary,blind,0.68308894110674,71.3,750
primary,blind,0.6834895348819753,71.4,750
primary,blind,0.6836082086413957,71.5,750
primary,blind,0.6836958784316862,71.6,750
primary,blind,0.6837271914128411,71.7,750
primary,blind,0.6837462484018769,71.8,750
primary,blind,0.6837586088784043,71.9,750
primary,blind,0.6837645521784288,72.0,750
primary,blind,0.6837686650773767,72.1,750
primary,blind,0.6837774192555361,72.2,750
primary,blind,0.6837774192555361,72.3,750
primary,blind,0.6837791758334578,72.4,750
primary,blind,0.6837953264872926,72.5,750
primary,blind,0.6838474824809879,72.6,750
primary,blind,0.6838901162154157,72.7,750
primary,blind,0.683913355378381,72.8,750
primary,blind,0.6839512437938923,72.9,750
primary,blind,0.6839963383519502,73.0,750
primary,blind,0.6839981502956397,73.1,750
primary,blind,0.6839981502956397,73.2,750
primary,blind,0.6839981502956397,73.3,750
primary,blind,0.6839981502956397,73.4,750
primary,blind,0.6839987751429475,73.5,750
primary,blind,0.6839987751429475,73.6,750
primary,blind,0.6839987751429475,73.7,750
primary,blind,0.6839987751429475,73.8,750
primary,blind,0.6840005687863207,73.9,750
primary,blind,0.6840022444372428,74.0,750
primary,blind,0.684005827793072,74.1,750
primary,blind,0.6840078849514123,74.2,750
primary,blind,0.6840124262791338,74.3,750
primary,blind,0.6840322209662648,74.4,750
primary,blind,0.6840823061496784,74.5,750
primary,blind,0.6840882069822524,74.6,750
primary,blind,0.684171080354427,74.7,750
primary,blind,0.6841929256505573,74.8,750
primary,blind,0.6841929256505573,74.9,750
primary,blind,0.6842150006909138,75.0,750
primary,blind,0.6842150006909138,75.1,750
primary,blind,0.6842179898463541,75.2,750
primary,blind,0.6842376778763355,75.3,750
primary,blind,0.6847026451563691,75.4,750
primary,blind,0.6848707404334451,75.5,750
primary,blind,0.6852841319764623,75.6,750
primary,blind,0.6853315548332783,75.7,750
primary,blind,0.6855156233160927,75.8,750
primary,blind,0.6855625353841722,75.9,750
primary,blind,0.6855856825805602,76.0,750
primary,blind,0.6855966941381512,76.1,750
primary,blind,0.6856177050941071,76.2,750
primary,blind,0.6856777228944361,76.3,750
primary,blind,0.6858334613391063,76.4,750
primary,blind,0.6859355369289822,76.5,750
primary,blind,0.6859579062686451,76.6,750
primary,blind,0.6859669350180633,76.7,750
primary,blind,0.6859669350180633,76.8,750
primary,blind,0.6859669350180633,76.9,750
primary,blind,0.6859669350180633,77.0,750
primary,blind,0.6859697471518911,77.1,750
primary,blind,0.6859745694800768,77.2,750
primary,blind,0.6859949512063866,77.3,750
primary,blind,0.6861329067307032,77.4,750
primary,blind,0.6861709918716126,77.5,750
primary,blind,0.6861709918716126,77.6,750
primary,blind,0.6861729569400777,77.7,750
primary,blind,0.6861729569400777,77.8,750
primary,blind,0.6861729569400777,77.9,750
primary,blind,0.6861735751544126,78.0,750
primary,blind,0.6864043534584586,78.1,750
primary,blind,0.6864909508931756,78.2,750
primary,blind,0.686495716026474,78.3,750
primary,blind,0.6865355712004797,78.4,750
primary,blind,0.6865551652671249,78.5,750
primary,blind,0.6865808077195635,78.6,750
primary,blind,0.6865808077195635,78.7,750
primary,blind,0.6865808077195635,78.8,750
primary,blind,0.6865808077195635,78.9,750
primary,blind,0.6865811004558476,79.0,750
primary,blind,0.6866157017112312,79.1,750
primary,blind,0.6866383576146362,79.2,750
primary,blind,0.68664853656195,79.3,750
primary,blind,0.6866558898312307,79.4,750
primary,blind,0.686666198457697,79.5,750
primary,blind,0.686666198457697,79.6,750
primary,blind,0.6868119750521612,79.7,750
primary,blind,0.6873802774727789,79.8,750
primary,blind,0.6875564465782944,79.9,750
primary,blind,0.6877565301532428,80.0,750
primary,blind,0.6877948202810861,80.1,750
primary,blind,0.6878449935220353,80.2,750
primary,blind,0.6879002250987475,80.3,750
primary,blind,0.6880126456275101,80.4,750
primary,blind,0.6880976352888474,80.5,750
primary,blind,0.6880991311261216,80.6,750
primary,blind,0.6880991311261216,80.7,750
primary,blind,0.6881010681412987,80.8,750
primary,blind,0.6881020863351673,80.9,750
primary,blind,0.6881020863351673,81.0,750
primary,blind,0.688107385193312,81.1,750
primary,blind,0.6881211520954588,81.2,750
primary,blind,0.6881211520954588,81.3,750
primary,blind,0.6881535450046319,81.4,750
primary,blind,0.6881689100382063,81.5,750
primary,blind,0.6881696058791823,81.6,750
primary,blind,0.6882530208668863,81.7,750
primary,blind,0.6882592080037653,81.8,750
primary,blind,0.6883179914511758,81.9,750
primary,blind,0.6883800222835074,82.0,750
primary,blind,0.688588793828907,82.1,750
primary,blind,0.6886000790893128,82.2,750
primary,blind,0.6886080212001539,82.3,750
primary,blind,0.6886839003810757,82.4,750
primary,blind,0.6887943246047746,82.5,750
primary,blind,0.68879668570057,82.6,750
primary,blind,0.6887980652393005,82.7,750
primary,blind,0.6888011230060711,82.8,750
primary,blind,0.6888028927865381,82.9,750
primary,blind,0.6888028927865381,83.0,750
primary,blind,0.6888037317702979,83.1,750
primary,blind,0.688804273478653,83.2,750
primary,blind,0.6888557674945761,83.3,750
primary,blind,0.6888557674945761,83.4,750
primary,blind,0.6888577167259002,83.5,750
primary,blind,0.6888997883952398,83.6,750
primary,blind,0.6889015593629595,83.7,750
primary,blind,0.6890159730203058,83.8,750
primary,blind,0.6890159730203058,83.9,750
primary,blind,0.6890159730203058,84.0,750
primary,blind,0.6891315503557807,84.1,750
primary,blind,0.6896576545372308,84.2,750
primary,blind,0.6903473628169312,84.3,750
primary,blind,0.6905668351758244,84.4,750
primary,blind,0.6906039453449846,84.5,750
primary,blind,0.6907026094149648,84.6,750
primary,blind,0.6907047838234527,84.7,750
primary,blind,0.6907406242704103,84.8,750
primary,blind,0.6907663322722198,84.9,750
primary,blind,0.6907806665811294,85.0,750
primary,blind,0.6907835522918387,85.1,750
primary,blind,0.6907838567095296,85.2,750
primary,blind,0.6907838567095296,85.3,750
primary,blind,0.6907844567713792,85.4,750
primary,blind,0.6907851082805011,85.5,750
primary,blind,0.6907851082805011,85.6,750
primary,blind,0.6907851082805011,85.7,750
primary,blind,0.6907909705475002,85.8,750
primary,blind,0.6907909705475002,85.9,750
primary,blind,0.6907909705475002,86.0,750
primary,blind,0.6907909705475002,86.1,750
primary,blind,0.6907909705475002,86.2,750
primary,blind,0.6907909705475002,86.3,750
primary,blind,0.6907911723523423,86.4,750
primary,blind,0.6907933949388305,86.5,750
primary,blind,0.6907933949388305,86.6,750
primary,blind,0.6907933949388305,86.7,750
primary,blind,0.6907933949388305,86.8,750
primary,blind,0.6907933949388305,86.9,750
primary,blind,0.6907933949388305,87.0,750
primary,blind,0.6907933949388305,87.1,750
primary,blind,0.6908014525654944,87.2,750
primary,blind,0.6908014525654944,87.3,750
primary,blind,0.6908112807434532,87.4,750
primary,blind,0.6908153669585604,87.5,750
primary,blind,0.6908910631126342,87.6,750
primary,blind,0.6909187277440708,87.7,750
primary,blind,0.6909216600704549,87.8,750
primary,blind,0.6909254011154327,87.9,750
primary,blind,0.6909549794313808,88.0,750
primary,blind,0.6909954977818915,88.1,750
primary,blind,0.691089506647383,88.2,750
primary,blind,0.6910897233805554,88.3,750
primary,blind,0.6911005317158728,88.4,750
primary,blind,0.6911465042306024,88.5,750
primary,blind,0.6912647743895235,88.6,750
primary,blind,0.6912886981251269,88.7,750
primary,blind,0.6917484955247377,88.8,750
primary,blind,0.6918026861270808,88.9,750
primary,blind,0.6919370115897077,89.0,750
primary,blind,0.6919484733479607,89.1,750
primary,blind,0.6919647426862449,89.2,750
primary,blind,0.691967872758071,89.3,750
primary,blind,0.6919765848002493,89.4,750
primary,blind,0.6919786650709834,89.5,750
primary,blind,0.6919796595433999,89.6,750
primary,blind,0.6919796595433999,89.7,750
primary,blind,0.6919796595433999,89.8,750
primary,blind,0.6919796595433999,89.9,750
primary,blind,0.6919796595433999,90.0,750
primary,blind,0.6919796595433999,90.1,750
primary,blind,0.6919796595433999,90.2,750
primary,blind,0.6919796595433999,90.3,750
primary,blind,0.6919796595433999,90.4,750
primary,blind,0.6919800487771399,90.5,750
primary,blind,0.6919826347613716,90.6,750
primary,blind,0.6920079670837821,90.7,750
primary,blind,0.6920267292083953,90.8,750
primary,blind,0.692035720628456,90.9,750
primary,blind,0.6920558442338247,91.0,750
primary,blind,0.6923350992359097,91.1,750
primary,blind,0.6923814128792655,91.2,750
primary,blind,0.6923944325003722,91.3,750
primary,blind,0.6923967351247948,91.4,750
primary,blind,0.6924466869324397,91.5,750
primary,blind,0.6924516647723973,91.6,750
primary,blind,0.6924759958439505,91.7,750
primary,blind,0.6924805216005544,91.8,750
primary,blind,0.6924854264907899,91.9,750
primary,blind,0.6924901092601213,92.0,750
primary,blind,0.6925292649790484,92.1,750
primary,blind,0.6925294919711285,92.2,750
primary,blind,0.6925294919711285,92.3,750
primary,blind,0.6925674060958079,92.4,750
primary,blind,0.6926148292672519,92.5,750
primary,blind,0.6926533415007509,92.6,750
primary,blind,0.6926538190099462,92.7,750
primary,blind,0.6926538190099462,92.8,750
primary,blind,0.6926912716122435,92.9,750
primary,blind,0.69270763770808,93.0,750
primary,blind,0.6927126702981442,93.1,750
primary,blind,0.6927734038224422,93.2,750
primary,blind,0.6927744839941532,93.3,750
primary,blind,0.6928062618184465,93.4,750
primary,blind,0.6928350518854726,93.5,750
primary,blind,0.6928365954612307,93.6,750
primary,blind,0.6928393758402088,93.7,750
primary,blind,0.6928458037908317,93.8,750
primary,blind,0.6928458037908317,93.9,750
primary,blind,0.6928458037908317,94.0,750
primary,blind,0.6928460973961722,94.1,750
primary,blind,0.6928460973961722,94.2,750
primary,blind,0.6928460973961722,94.3,750
primary,blind,0.6928470708287361,94.4,750
primary,blind,0.6928470708287361,94.5,750
primary,blind,0.6928470708287361,94.6,750
primary,blind,0.6928470708287361,94.7,750
primary,blind,0.6928470708287361,94.8,750
primary,blind,0.6928470708287361,94.9,750
primary,blind,0.6928470708287361,95.0,750
primary,blind,0.6928470708287361,95.1,750
primary,blind,0.6928470708287361,95.2,750
primary,blind,0.6928470708287361,95.3,750
primary,blind,0.6928617927738615,95.4,750
primary,blind,0.6928617927738615,95.5,750
primary,blind,0.6928617927738615,95.6,750
primary,blind,0.6928617927738615,95.7,750
primary,blind,0.6928617927738615,95.8,750
primary,blind,0.6928617927738615,95.9,750
primary,blind,0.6928617927738615,96.0,750
primary,blind,0.6929445110784229,96.1,750
primary,blind,0.6929538450013017,96.2,750
primary,blind,0.6930078233351803,96.3,750
primary,blind,0.6930078233351803,96.4,750
primary,blind,0.6930081126359569,96.5,750
primary,blind,0.6930081126359569,96.6,750
primary,blind,0.6930081126359569,96.7,750
primary,blind,0.6930081126359569,96.8,750
primary,blind,0.6931042895904848,96.9,750
primary,blind,0.6932375786692723,97.0,750
primary,blind,0.693277127845363,97.1,750
primary,blind,0.6933303319117451,97.2,750
primary,blind,0.6933502330171387,97.3,750
primary,blind,0.6933612650561395,97.4,750
primary,blind,0.6933618837028754,97.5,750
primary,blind,0.6933914973931804,97.6,750
primary,blind,0.6933924031526181,97.7,750
primary,blind,0.6934002684694127,97.8,750
primary,blind,0.6934113386996613,97.9,750
primary,blind,0.6935127740192143,98.0,750
primary,blind,0.6936919280751437,98.1,750
primary,blind,0.693702072845527,98.2,750
primary,blind,0.6937211590392406,98.3,750
primary,blind,0.6937217932571175,98.4,750
primary,blind,0.6937224780974092,98.5,750
primary,blind,0.6937224780974092,98.6,750
primary,blind,0.6937245993883041,98.7,750
primary,blind,0.6937245993883041,98.8,750
primary,blind,0.6937245993883041,98.9,750
primary,blind,0.6937314350704076,99.0,750
primary,blind,0.6937436668465368,99.1,750
primary,blind,0.6937436668465368,99.2,750
primary,blind,0.6937441667168839,99.3,750
primary,blind,0.6937454542496222,99.4,750
primary,blind,0.6937487441129206,99.5,750
primary,blind,0.6937487441129206,99.6,750
primary,blind,0.6937569780962556,99.7,750
primary,blind,0.6937580534966047,99.8,750
primary,blind,0.6937580534966047,99.9,750
primary,blind,0.6937580534966047,100.0,750
primary,blind,0.6937580534966047,100.1,750
primary,blind,0.6937580534966047,100.2,750
primary,blind,0.6937580534966047,100.3,750
primary,blind,0.6937580534966047,100.4,750
primary,blind,0.6937580534966047,100.5,750
primary,blind,0.6937580534966047,100.6,750
primary,blind,0.6937580534966047,100.7,750
primary,blind,0.6937580534966047,100.8,750
primary,blind,0.6937584806483944,100.9,750
primary,blind,0.6937584806483944,101.0,750
primary,blind,0.6937584806483944,101.1,750
primary,blind,0.6937723847370832,101.2,750
primary,blind,0.6937883626075083,101.3,750
primary,blind,0.694008562589938,101.4,750
primary,blind,0.6940596290453378,101.5,750
primary,blind,0.6941104120569557,101.6,750
primary,blind,0.6941517589194288,101.7,750
primary,blind,0.6946866220587977,101.8,750
primary,blind,0.6949616416848018,101.9,750
primary,blind,0.6953169645349431,102.0,750
primary,blind,0.6955510718070064,102.1,750
primary,blind,0.6959022687435327,102.2,750
primary,blind,0.6960442473820515,102.3,750
primary,blind,0.6961729070965866,102.4,750
primary,blind,0.6962011104387699,102.5,750
primary,blind,0.6962198073642977,102.6,750
primary,blind,0.6962211483868489,102.7,750
primary,blind,0.6962217273910345,102.8,750
primary,blind,0.6962217273910345,102.9,750
primary,blind,0.6962224128175296,103.0,750
primary,blind,0.6962235128619777,103.1,750
primary,blind,0.6962235128619777,103.2,750
primary,blind,0.6962285680357143,103.3,750
primary,blind,0.6962558865482811,103.4,750
primary,blind,0.6962569546829116,103.5,750
primary,blind,0.696275610954624,103.6,750
primary,blind,0.696275610954624,103.7,750
primary,blind,0.6962958528056907,103.8,750
primary,blind,0.6962986146500427,103.9,750
primary,blind,0.6962986146500427,104.0,750
primary,blind,0.6962986146500427,104.1,750
primary,blind,0.6962986146500427,104.2,750
primary,blind,0.6962986146500427,104.3,750
primary,blind,0.6962986146500427,104.4,750
primary,blind,0.6962988794405762,104.5,750
primary,blind,0.6963013410620119,104.6,750
primary,blind,0.6963031984644502,104.7,750
primary,blind,0.6963031984644502,104.8,750
primary,blind,0.6963031984644502,104.9,750
primary,blind,0.6963031984644502,105.0,750
primary,blind,0.6963042498477435,105.1,750
primary,blind,0.6963095405770571,105.2,750
primary,blind,0.6963095405770571,105.3,750
primary,blind,0.6963095405770571,105.4,750
primary,blind,0.6963101143501269,105.5,750
primary,blind,0.6963101143501269,105.6,750
primary,blind,0.6963101143501269,105.7,750
primary,blind,0.6963166405111479,105.8,750
primary,blind,0.6963181176618283,105.9,750
primary,blind,0.6963181176618283,106.0,750
primary,blind,0.6963568702932723,106.1,750
primary,blind,0.6963598734694768,106.2,750
primary,blind,0.6963651492316878,106.3,750
primary,blind,0.6963679323866764,106.4,750
primary,blind,0.6964192169407852,106.5,750
primary,blind,0.6965192653131775,106.6,750
primary,blind,0.6965242248756847,106.7,750
primary,blind,0.6965242248756847,106.8,750
primary,blind,0.6965302586016359,106.9,750
primary,blind,0.6965387289130525,107.0,750
primary,blind,0.6965410058015394,107.1,750
primary,blind,0.6965410058015394,107.2,750
primary,blind,0.6965410058015394,107.3,750
primary,blind,0.6965410058015394,107.4,750
primary,blind,0.696542079574149,107.5,750
primary,blind,0.696542079574149,107.6,750
primary,blind,0.696542079574149,107.7,750
primary,blind,0.696542079574149,107.8,750
primary,blind,0.696542079574149,107.9,750
primary,blind,0.696542079574149,108.0,750
primary,blind,0.696542079574149,108.1,750
primary,blind,0.6965447018055488,108.2,750
primary,blind,0.6965447018055488,108.3,750
primary,blind,0.69654579128463,108.4,750
primary,blind,0.69654579128463,108.5,750
primary,blind,0.69654579128463,108.6,750
primary,blind,0.69654579128463,108.7,750
primary,blind,0.69654579128463,108.8,750
primary,blind,0.69654579128463,108.9,750
primary,blind,0.6965511764334172,109.0,750
primary,blind,0.696554760254651,109.1,750
primary,blind,0.696554760254651,109.2,750
primary,blind,0.696554760254651,109.3,750
primary,blind,0.6965591791527928,109.4,750
primary,blind,0.6966087824939088,109.5,750
primary,blind,0.696663019236659,109.6,750
primary,blind,0.6966655459902192,109.7,750
primary,blind,0.6966698198271378,109.8,750
primary,blind,0.6966764415399567,109.9,750
primary,blind,0.6966764415399567,110.0,750
primary,blind,0.6966764415399567,110.1,750
primary,blind,0.69674597950229,110.2,750
primary,blind,0.69674597950229,110.3,750
primary,blind,0.6968343495255103,110.4,750
primary,blind,0.6968582856298267,110.5,750
primary,blind,0.696945837441285,110.6,750
primary,blind,0.6969573862198888,110.7,750
primary,blind,0.6970185767649691,110.8,750
primary,blind,0.6970311724740839,110.9,750
primary,blind,0.6971435593153953,111.0,750
primary,blind,0.6971851722573812,111.1,750
primary,blind,0.6971897939357199,111.2,750
primary,blind,0.6971916243911923,111.3,750
primary,blind,0.6971916790023049,111.4,750
primary,blind,0.6971980298626953,111.5,750
primary,blind,0.6972058018379338,111.6,750
primary,blind,0.6972064124898261,111.7,750
primary,blind,0.6972064124898261,111.8,750
primary,blind,0.6972120191703385,111.9,750
primary,blind,0.6972120191703385,112.0,750
primary,blind,0.6972120191703385,112.1,750
primary,blind,0.6972120191703385,112.2,750
primary,blind,0.697218286790034,112.3,750
primary,blind,0.697278574655288,112.4,750
primary,blind,0.6972818076882235,112.5,750
primary,blind,0.6972818076882235,112.6,750
primary,blind,0.6972818076882235,112.7,750
primary,blind,0.6972818076882235,112.8,750
primary,blind,0.6972818076882235,112.9,750
primary,blind,0.6972818076882235,113.0,750
primary,blind,0.6972818076882235,113.1,750
primary,blind,0.6972818076882235,113.2,750
primary,blind,0.6972818076882235,113.3,750
primary,blind,0.6972844042145994,113.4,750
primary,blind,0.6972913659234812,113.5,750
primary,blind,0.6972913659234812,113.6,750
primary,blind,0.6972913659234812,113.7,750
primary,blind,0.6972913659234812,113.8,750
primary,blind,0.6972913659234812,113.9,750
primary,blind,0.6972913659234812,114.0,750
primary,blind,0.6973101807070299,114.1,750
primary,blind,0.6973342076010074,114.2,750
primary,blind,0.6973934910381562,114.3,750
primary,blind,0.6974938675729031,114.4,750
primary,blind,0.6975006055437586,114.5,750
primary,blind,0.6975068414836545,114.6,750
primary,blind,0.6975789456016133,114.7,750
primary,blind,0.6975897599897416,114.8,750
primary,blind,0.6975998806457044,114.9,750
primary,blind,0.697656056428038,115.0,750
primary,blind,0.6981004623530763,115.1,750
primary,blind,0.6982116249396726,115.2,750
primary,blind,0.6982285541984263,115.3,750
primary,blind,0.6984289124730503,115.4,750
primary,blind,0.698583104735855,115.5,750
primary,blind,0.698642319848868,115.6,750
primary,blind,0.6986656618082481,115.7,750
primary,blind,0.6986708317252942,115.8,750
primary,blind,0.698968413047695,115.9,750
primary,blind,0.6995573387342379,116.0,750
primary,blind,0.6999257652829829,116.1,750
primary,blind,0.699950625284555,116.2,750
primary,blind,0.699950625284555,116.3,750
primary,blind,0.6999673341690998,116.4,750
primary,blind,0.6999758788938677,116.5,750
primary,blind,0.6999952012518416,116.6,750
primary,blind,0.700001831005877,116.7,750
primary,blind,0.7000086569946415,116.8,750
primary,blind,0.7000148303146344,116.9,750
primary,blind,0.7000802720759309,117.0,750
primary,blind,0.7003621541015533,117.1,750
primary,blind,0.7010227942011673,117.2,750
primary,blind,0.7011162760713902,117.3,750
primary,blind,0.701173802523588,117.4,750
primary,blind,0.7012214236499313,117.5,750
primary,blind,0.701262871352648,117.6,750
primary,blind,0.7013076947334017,117.7,750
primary,blind,0.7013167142411038,117.8,750
primary,blind,0.7013318446670548,117.9,750
primary,blind,0.7013320708302406,118.0,750
primary,blind,0.7013320708302406,118.1,750
primary,blind,0.7013320708302406,118.2,750
primary,blind,0.7013320708302406,118.3,750
primary,blind,0.7013320708302406,118.4,750
primary,blind,0.7013343137204272,118.5,750
primary,blind,0.7013778661805942,118.6,750
primary,blind,0.7013911975023563,118.7,750
primary,blind,0.7014015986458184,118.8,750
primary,blind,0.7014061936882529,118.9,750
primary,blind,0.7014096831005774,119.0,750
primary,blind,0.7014193355447192,119.1,750
primary,blind,0.7014268183493041,119.2,750
primary,blind,0.7014268183493041,119.3,750
primary,blind,0.7017912997399739,119.4,750
primary,blind,0.7018507135708282,119.5,750
primary,blind,0.7022586994208092,119.6,750
primary,blind,0.7023376572308618,119.7,750
primary,blind,0.7024569942634802,119.8,750
primary,blind,0.702471311338347,119.9,750
primary,blind,0.702481068662216,120.0,750
secondary,blind,0.05442588306690788,0.0,1000
secondary,blind,0.06957304463549105,0.1,1000
secondary,blind,0.08299198560737128,0.2,1000
secondary,blind,0.09753574646924339,0.3,1000
secondary,blind,0.10841761731981776,0.4,1000
secondary,blind,0.11778457287685534,0.5,1000
secondary,blind,0.12378692577582881,0.6,1000
secondary,blind,0.1333348962763773,0.7,1000
secondary,blind,0.14495391340787137,0.8,1000
secondary,blind,0.1594415543906351,0.9,1000
secondary,blind,0.17192790888590898,1.0,1000
secondary,blind,0.1871567137035734,1.1,1000
secondary,blind,0.20118272375538265,1.2,1000
secondary,blind,0.20907344277183887,1.3,1000
secondary,blind,0.21770684166837712,1.4,1000
secondary,blind,0.22592591009251498,1.5,1000
secondary,blind,0.23169856132535047,1.6,1000
secondary,blind,0.2359310729528471,1.7,1000
secondary,blind,0.24133974667912436,1.8,1000
secondary,blind,0.2468567215323344,1.9,1000
secondary,blind,0.2530935927583872,2.0,1000
secondary,blind,0.26021856719178543,2.1,1000
secondary,blind,0.2685663146572539,2.2,1000
secondary,blind,0.2774097424986232,2.3,1000
secondary,blind,0.2858780438793974,2.4,1000
secondary,blind,0.2945428103798658,2.5,1000
secondary,blind,0.3059654093258795,2.6,1000
secondary,blind,0.31027926354675023,2.7,1000
secondary,blind,0.31325302514269127,2.8,1000
secondary,blind,0.3168000147462925,2.9,1000
secondary,blind,0.3196192613717999,3.0,1000
secondary,blind,0.32321530724484837,3.1,1000
secondary,blind,0.32641322652935156,3.2,1000
secondary,blind,0.33085769764798234,3.3,1000
secondary,blind,0.3346241327404419,3.4,1000
secondary,blind,0.33797263743720224,3.5,1000
secondary,blind,0.3417479335056709,3.6,1000
secondary,blind,0.3459065803370785,3.7,1000
secondary,blind,0.34989137993653013,3.8,1000
secondary,blind,0.35470116645718347,3.9,1000
secondary,blind,0.3616898182487939,4.0,1000
secondary,blind,0.37069194282552087,4.1,1000
secondary,blind,0.3781392234242238,4.2,1000
secondary,blind,0.38231528827068906,4.3,1000
secondary,blind,0.3907340106961904,4.4,1000
secondary,blind,0.3974762224956303,4.5,1000
secondary,blind,0.4028164950314036,4.6,1000
secondary,blind,0.4063016302494327,4.7,1000
secondary,blind,0.4093649946561232,4.8,1000
secondary,blind,0.4115035003691191,4.9,1000
secondary,blind,0.41334127273859994,5.0,1000
secondary,blind,0.417090535812831,5.1,1000
secondary,blind,0.41967083635933805,5.2,1000
secondary,blind,0.4213481509307277,5.3,1000
secondary,blind,0.4230254724283897,5.4,1000
secondary,blind,0.4332843917084733,5.5,1000
secondary,blind,0.4460590625908957,5.6,1000
secondary,blind,0.456042319499641,5.7,1000
secondary,blind,0.46825791278744217,5.8,1000
secondary,blind,0.48211462773269464,5.9,1000
secondary,blind,0.49126176779298253,6.0,1000
secondary,blind,0.49541437419711404,6.1,1000
secondary,blind,0.5024331967027569,6.2,1000
secondary,blind,0.5064654247071835,6.3,1000
secondary,blind,0.5140486374092447,6.4,1000
secondary,blind,0.5187562095048216,6.5,1000
secondary,blind,0.520451286465698,6.6,1000
secondary,blind,0.5220100735444857,6.7,1000
secondary,blind,0.5246486270562587,6.8,1000
secondary,blind,0.5281229435795629,6.9,1000
secondary,blind,0.5323196369725566,7.0,1000
secondary,blind,0.5350994284333752,7.1,1000
secondary,blind,0.5391077508190806,7.2,1000
secondary,blind,0.5428005959847666,7.3,1000
secondary,blind,0.5500815185000333,7.4,1000
secondary,blind,0.5600361758576832,7.5,1000
secondary,blind,0.5652340796742904,7.6,1000
secondary,blind,0.5690573930645577,7.7,1000
secondary,blind,0.5731282351622485,7.8,1000
secondary,blind,0.5755217547978456,7.9,1000
secondary,blind,0.5770622497148796,8.0,1000
secondary,blind,0.5784144372944583,8.1,1000
secondary,blind,0.5801504833593916,8.2,1000
secondary,blind,0.5824551194523835,8.3,1000
secondary,blind,0.586357744679528,8.4,1000
secondary,blind,0.5905747870118596,8.5,1000
secondary,blind,0.5964269782602254,8.6,1000
secondary,blind,0.6017471522171857,8.7,1000
secondary,blind,0.6053875035895273,8.8,1000
secondary,blind,0.6076012030571831,8.9,1000
secondary,blind,0.6091252113296154,9.0,1000
secondary,blind,0.610802593263937,9.1,1000
secondary,blind,0.6137204578457109,9.2,1000
secondary,blind,0.6157775167028893,9.3,1000
secondary,blind,0.6169984641965427,9.4,1000
secondary,blind,0.618284079005725,9.5,1000
secondary,blind,0.6197688581385962,9.6,1000
secondary,blind,0.6216335229423258,9.7,1000
secondary,blind,0.6232679433404016,9.8,1000
secondary,blind,0.6252737632492155,9.9,1000
secondary,blind,0.6265325257833241,10.0,1000
secondary,blind,0.6272266201131766,10.1,1000
secondary,blind,0.628310905124512,10.2,1000
secondary,blind,0.6296462026427574,10.3,1000
secondary,blind,0.6300489917259318,10.4,1000
secondary,blind,0.6305660231213086,10.5,1000
secondary,blind,0.6311395539844359,10.6,1000
secondary,blind,0.6329756723174584,10.7,1000
secondary,blind,0.6334532465510113,10.8,1000
secondary,blind,0.6339878760944041,10.9,1000
secondary,blind,0.6347363914455111,11.0,1000
secondary,blind,0.6359394159509509,11.1,1000
secondary,blind,0.6362772492118027,11.2,1000
secondary,blind,0.6387168521361779,11.3,1000
secondary,blind,0.6438630587723162,11.4,1000
secondary,blind,0.6487343920812045,11.5,1000
secondary,blind,0.6528089645298206,11.6,1000
secondary,blind,0.6586928036487143,11.7,1000
secondary,blind,0.6625705011119412,11.8,1000
secondary,blind,0.6644216787671404,11.9,1000
secondary,blind,0.6662614664390617,12.0,1000
secondary,blind,0.6668398381455244,12.1,1000
secondary,blind,0.6689817089211092,12.2,1000
secondary,blind,0.672416508419581,12.3,1000
secondary,blind,0.6733895160478648,12.4,1000
secondary,blind,0.6746020275896207,12.5,1000
secondary,blind,0.675336603041308,12.6,1000
secondary,blind,0.6758194789885932,12.7,1000
secondary,blind,0.6761527142658021,12.8,1000
secondary,blind,0.6766192731183699,12.9,1000
secondary,blind,0.677109873856285,13.0,1000
secondary,blind,0.6774820326418849,13.1,1000
secondary,blind,0.6788956215908588,13.2,1000
secondary,blind,0.6820474657291337,13.3,1000
secondary,blind,0.6832225107290988,13.4,1000
secondary,blind,0.6848000658239781,13.5,1000
secondary,blind,0.6862390421992673,13.6,1000
secondary,blind,0.6870218163345603,13.7,1000
secondary,blind,0.6876260827967148,13.8,1000
secondary,blind,0.6885036948454689,13.9,1000
secondary,blind,0.6891834811933487,14.0,1000
secondary,blind,0.6897611682335216,14.1,1000
secondary,blind,0.6905460802725731,14.2,1000
secondary,blind,0.6913296147457951,14.3,1000
secondary,blind,0.692873204492479,14.4,1000
secondary,blind,0.6963033598510502,14.5,1000
secondary,blind,0.6991001615315322,14.6,1000
secondary,blind,0.7007486049436243,14.7,1000
secondary,blind,0.7018523558975398,14.8,1000
secondary,blind,0.703135893156621,14.9,1000
secondary,blind,0.7042895425688379,15.0,1000
secondary,blind,0.704794799842949,15.1,1000
secondary,blind,0.7054184334036794,15.2,1000
secondary,blind,0.7061490407497771,15.3,1000
secondary,blind,0.7064606072632408,15.4,1000
secondary,blind,0.7068314979659088,15.5,1000
secondary,blind,0.7075207590393353,15.6,1000
secondary,blind,0.7088240245739975,15.7,1000
secondary,blind,0.7102084128996717,15.8,1000
secondary,blind,0.7113594213233408,15.9,1000
secondary,blind,0.7129446841343878,16.0,1000
secondary,blind,0.7151618910144439,16.1,1000
secondary,blind,0.7169654736906855,16.2,1000
secondary,blind,0.7179911119542481,16.3,1000
secondary,blind,0.7195323430188147,16.4,1000
secondary,blind,0.7216678603456549,16.5,1000
secondary,blind,0.7228083287241518,16.6,1000
secondary,blind,0.7239114879907491,16.7,1000
secondary,blind,0.7248348175526699,16.8,1000
secondary,blind,0.7255386900341658,16.9,1000
secondary,blind,0.7263587347520754,17.0,1000
secondary,blind,0.7296889405385366,17.1,1000
secondary,blind,0.7346055386249565,17.2,1000
secondary,blind,0.7354454519323368,17.3,1000
secondary,blind,0.738270100192912,17.4,1000
secondary,blind,0.7409576806557175,17.5,1000
secondary,blind,0.7433082754469051,17.6,1000
secondary,blind,0.7455551841462273,17.7,1000
secondary,blind,0.7511358065819599,17.8,1000
secondary,blind,0.7554045481000556,17.9,1000
secondary,blind,0.7571315165946947,18.0,1000
secondary,blind,0.7608116223058998,18.1,1000
secondary,blind,0.7638129439929167,18.2,1000
secondary,blind,0.765250190694317,18.3,1000
secondary,blind,0.7662879945496185,18.4,1000
secondary,blind,0.7677030611621962,18.5,1000
secondary,blind,0.7691101925113862,18.6,1000
secondary,blind,0.7702399103074431,18.7,1000
secondary,blind,0.7709018074139081,18.8,1000
secondary,blind,0.772102131339837,18.9,1000
secondary,blind,0.7735131496680622,19.0,1000
secondary,blind,0.7757799331058011,19.1,1000
secondary,blind,0.779085408650213,19.2,1000
secondary,blind,0.7802665636700759,19.3,1000
secondary,blind,0.7812082440687133,19.4,1000
secondary,blind,0.7823281436293743,19.5,1000
secondary,blind,0.782981156167372,19.6,1000
secondary,blind,0.783715811855653,19.7,1000
secondary,blind,0.7840812758728456,19.8,1000
secondary,blind,0.78442221315848,19.9,1000
secondary,blind,0.7850711754238503,20.0,1000
secondary,blind,0.7852334767080169,20.1,1000
secondary,blind,0.7854613123963642,20.2,1000
secondary,blind,0.7857418024053419,20.3,1000
secondary,blind,0.786223869348747,20.4,1000
secondary,blind,0.7870542441339973,20.5,1000
secondary,blind,0.787661345635588,20.6,1000
secondary,blind,0.7880355396337422,20.7,1000
secondary,blind,0.7885456149399602,20.8,1000
secondary,blind,0.7891507464587547,20.9,1000
secondary,blind,0.7899763135364094,21.0,1000
secondary,blind,0.7906242662011584,21.1,1000
secondary,blind,0.7911419051996561,21.2,1000
secondary,blind,0.7916475462023999,21.3,1000
secondary,blind,0.7917698030735332,21.4,1000
secondary,blind,0.7919495095430944,21.5,1000
secondary,blind,0.7926269078285517,21.6,1000
secondary,blind,0.7929926571697784,21.7,1000
secondary,blind,0.793369805389339,21.8,1000
secondary,blind,0.7937680393810023,21.9,1000
secondary,blind,0.7952652858226261,22.0,1000
secondary,blind,0.7969079956500317,22.1,1000
secondary,blind,0.7996959467684471,22.2,1000
secondary,blind,0.800644613219113,22.3,1000
secondary,blind,0.8009167646160851,22.4,1000
secondary,blind,0.8012673222363479,22.5,1000
secondary,blind,0.801435459945213,22.6,1000
secondary,blind,0.80196800219339,22.7,1000
secondary,blind,0.8020832347947455,22.8,1000
secondary,blind,0.8023335047269959,22.9,1000
secondary,blind,0.8027283683487509,23.0,1000
secondary,blind,0.8033546848847998,23.1,1000
secondary,blind,0.8044140647652411,23.2,1000
secondary,blind,0.8055364579988585,23.3,1000
secondary,blind,0.8064995958809977,23.4,1000
secondary,blind,0.8074638645366095,23.5,1000
secondary,blind,0.8080729535408999,23.6,1000
secondary,blind,0.8087998014346174,23.7,1000
secondary,blind,0.809829501480556,23.8,1000
secondary,blind,0.8103123812683599,23.9,1000
secondary,blind,0.8107035693073591,24.0,1000
secondary,blind,0.8108665849931469,24.1,1000
secondary,blind,0.8111862665577226,24.2,1000
secondary,blind,0.811903205123541,24.3,1000
secondary,blind,0.8121165625439526,24.4,1000
secondary,blind,0.8136161976873006,24.5,1000
secondary,blind,0.8150251080144557,24.6,1000
secondary,blind,0.8155046049436775,24.7,1000
secondary,blind,0.8176640427551436,24.8,1000
secondary,blind,0.8208354968122465,24.9,1000
secondary,blind,0.8227507645155978,25.0,1000
secondary,blind,0.8233175137329183,25.1,1000
secondary,blind,0.8246232649780822,25.2,1000
secondary,blind,0.8275168331441473,25.3,1000
secondary,blind,0.8285844823617882,25.4,1000
secondary,blind,0.8293261780300468,25.5,1000
secondary,blind,0.8304725020407118,25.6,1000
secondary,blind,0.8314141201980004,25.7,1000
secondary,blind,0.8318453011951331,25.8,1000
secondary,blind,0.8321416784017781,25.9,1000
secondary,blind,0.8326732588570018,26.0,1000
secondary,blind,0.8329505610055501,26.1,1000
secondary,blind,0.833140415726445,26.2,1000
secondary,blind,0.8337007288611747,26.3,1000
secondary,blind,0.8339178231994192,26.4,1000
secondary,blind,0.8341025695692555,26.5,1000
secondary,blind,0.8343594008221356,26.6,1000
secondary,blind,0.8347277804123727,26.7,1000
secondary,blind,0.8350720385782447,26.8,1000
secondary,blind,0.8351659105907938,26.9,1000
secondary,blind,0.8352786601938307,27.0,1000
secondary,blind,0.8357143437913855,27.1,1000
secondary,blind,0.8358468800813106,27.2,1000
secondary,blind,0.8359366486632035,27.3,1000
secondary,blind,0.8361020138883999,27.4,1000
secondary,blind,0.8365885260298233,27.5,1000
secondary,blind,0.836707176425998,27.6,1000
secondary,blind,0.8368322052220584,27.7,1000
secondary,blind,0.8369466561286993,27.8,1000
secondary,blind,0.8376585040430891,27.9,1000
secondary,blind,0.8378621489074161,28.0,1000
secondary,blind,0.8380468487071469,28.1,1000
secondary,blind,0.8382469802783122,28.2,1000
secondary,blind,0.8389275127507264,28.3,1000
secondary,blind,0.8390778957715511,28.4,1000
secondary,blind,0.8391526821533278,28.5,1000
secondary,blind,0.8392752425551017,28.6,1000
secondary,blind,0.8406212526404265,28.7,1000
secondary,blind,0.8416745016567222,28.8,1000
secondary,blind,0.8443288788337425,28.9,1000
secondary,blind,0.8475082448250172,29.0,1000
secondary,blind,0.8500846884204445,29.1,1000
secondary,blind,0.8516588442457969,29.2,1000
secondary,blind,0.8519823489104429,29.3,1000
secondary,blind,0.8531326408973101,29.4,1000
secondary,blind,0.8536898714374234,29.5,1000
secondary,blind,0.8542327765992367,29.6,1000
secondary,blind,0.854461468107138,29.7,1000
secondary,blind,0.8546994818226299,29.8,1000
secondary,blind,0.8548680984099002,29.9,1000
secondary,blind,0.8550612389375308,30.0,1000
secondary,blind,0.8551428172267713,30.1,1000
secondary,blind,0.855151899937623,30.2,1000
secondary,blind,0.8551691290523621,30.3,1000
secondary,blind,0.8551805768111905,30.4,1000
secondary,blind,0.8552263939085781,30.5,1000
secondary,blind,0.8553273316007918,30.6,1000
secondary,blind,0.8556075516393391,30.7,1000
secondary,blind,0.8566227424093115,30.8,1000
secondary,blind,0.857098743859509,30.9,1000
secondary,blind,0.8584289208222415,31.0,1000
secondary,blind,0.8590063599141218,31.1,1000
secondary,blind,0.8600709002149654,31.2,1000
secondary,blind,0.8606628835980892,31.3,1000
secondary,blind,0.8612672671596794,31.4,1000
secondary,blind,0.8617226325054163,31.5,1000
secondary,blind,0.8622236139081195,31.6,1000
secondary,blind,0.8631718989084255,31.7,1000
secondary,blind,0.8636660286605358,31.8,1000
secondary,blind,0.8651900812260701,31.9,1000
secondary,blind,0.8668731973015898,32.0,1000
secondary,blind,0.8680320111709946,32.1,1000
secondary,blind,0.8685085792402465,32.2,1000
secondary,blind,0.8690924374692908,32.3,1000
secondary,blind,0.8696077327004255,32.4,1000
secondary,blind,0.8701415872049878,32.5,1000
secondary,blind,0.8704913808966793,32.6,1000
secondary,blind,0.8710013572756813,32.7,1000
secondary,blind,0.8719464214070716,32.8,1000
secondary,blind,0.872577018926994,32.9,1000
secondary,blind,0.8730278046472858,33.0,1000
secondary,blind,0.8732207720084139,33.1,1000
secondary,blind,0.8733697861832735,33.2,1000
secondary,blind,0.873541470245535,33.3,1000
secondary,blind,0.8740663742176376,33.4,1000
secondary,blind,0.8745370601798121,33.5,1000
secondary,blind,0.8748911273962422,33.6,1000
secondary,blind,0.8750281826202013,33.7,1000
secondary,blind,0.8751330776730986,33.8,1000
secondary,blind,0.8752711030712048,33.9,1000
secondary,blind,0.8753601647195215,34.0,1000
secondary,blind,0.875419943929401,34.1,1000
secondary,blind,0.8755898138016573,34.2,1000
secondary,blind,0.8759714733250401,34.3,1000
secondary,blind,0.8762857376469573,34.4,1000
secondary,blind,0.8764113669293889,34.5,1000
secondary,blind,0.876570402534279,34.6,1000
secondary,blind,0.8765975316747673,34.7,1000
secondary,blind,0.8769132340550652,34.8,1000
secondary,blind,0.8769288514975406,34.9,1000
secondary,blind,0.8772476134100688,35.0,1000
secondary,blind,0.878014971629433,35.1,1000
secondary,blind,0.8786585426056431,35.2,1000
secondary,blind,0.8788450605052467,35.3,1000
secondary,blind,0.8795248480038128,35.4,1000
secondary,blind,0.8804102018248885,35.5,1000
secondary,blind,0.8809218793675485,35.6,1000
secondary,blind,0.8811653770446952,35.7,1000
secondary,blind,0.8814239045177386,35.8,1000
secondary,blind,0.8815997442534412,35.9,1000
secondary,blind,0.8817594298231365,36.0,1000
secondary,blind,0.8817757228961306,36.1,1000
secondary,blind,0.8818021979241332,36.2,1000
secondary,blind,0.8818161448313772,36.3,1000
secondary,blind,0.8818624916105998,36.4,1000
secondary,blind,0.8819040683596205,36.5,1000
secondary,blind,0.8819262828683546,36.6,1000
secondary,blind,0.8820144641081575,36.7,1000
secondary,blind,0.8820773276999786,36.8,1000
secondary,blind,0.882216884222212,36.9,1000
secondary,blind,0.8823212379398903,37.0,1000
secondary,blind,0.8828992666290769,37.1,1000
secondary,blind,0.8832231838722561,37.2,1000
secondary,blind,0.8835249023827897,37.3,1000
secondary,blind,0.8837396192061954,37.4,1000
secondary,blind,0.883903915523178,37.5,1000
secondary,blind,0.884092462775427,37.6,1000
secondary,blind,0.8842636620774924,37.7,1000
secondary,blind,0.8843297753457378,37.8,1000
secondary,blind,0.8844160124671234,37.9,1000
secondary,blind,0.8845479133526081,38.0,1000
secondary,blind,0.8845791732063925,38.1,1000
secondary,blind,0.8848882854660278,38.2,1000
secondary,blind,0.8855439601341342,38.3,1000
secondary,blind,0.8863404792124504,38.4,1000
secondary,blind,0.8866924639269574,38.5,1000
secondary,blind,0.8873516205232593,38.6,1000
secondary,blind,0.8881017902941267,38.7,1000
secondary,blind,0.8884431643529304,38.8,1000
secondary,blind,0.8886633820395654,38.9,1000
secondary,blind,0.88884879374002,39.0,1000
secondary,blind,0.8889047814626678,39.1,1000
secondary,blind,0.8889864050546328,39.2,1000
secondary,blind,0.8890656485060373,39.3,1000
secondary,blind,0.8893110355598319,39.4,1000
secondary,blind,0.8894982210916252,39.5,1000
secondary,blind,0.8895347549565407,39.6,1000
secondary,blind,0.8896920039346613,39.7,1000
secondary,blind,0.8897920988217795,39.8,1000
secondary,blind,0.889849458107958,39.9,1000
secondary,blind,0.8898834276799726,40.0,1000
secondary,blind,0.8900461955267398,40.1,1000
secondary,blind,0.8902688697950002,40.2,1000
secondary,blind,0.8904232504286628,40.3,1000
secondary,blind,0.8904792144710805,40.4,1000
secondary,blind,0.8908237234577392,40.5,1000
secondary,blind,0.8919048372574435,40.6,1000
secondary,blind,0.8922426893405064,40.7,1000
secondary,blind,0.8927709236681282,40.8,1000
secondary,blind,0.8928722805978633,40.9,1000
secondary,blind,0.8935178438790172,41.0,1000
secondary,blind,0.8935830265028372,41.1,1000
secondary,blind,0.8942411040977025,41.2,1000
secondary,blind,0.8948104820315042,41.3,1000
secondary,blind,0.8952407387545148,41.4,1000
secondary,blind,0.8952831913464753,41.5,1000
secondary,blind,0.8953515081071687,41.6,1000
secondary,blind,0.8956921391445254,41.7,1000
secondary,blind,0.8959955161061057,41.8,1000
secondary,blind,0.8963113576072188,41.9,1000
secondary,blind,0.8964482757926492,42.0,1000
secondary,blind,0.8965942288298892,42.1,1000
secondary,blind,0.8974097125011736,42.2,1000
secondary,blind,0.8988521364041254,42.3,1000
secondary,blind,0.8999518456306876,42.4,1000
secondary,blind,0.9001869254938568,42.5,1000
secondary,blind,0.9003571790008291,42.6,1000
secondary,blind,0.9003914588541436,42.7,1000
secondary,blind,0.9004410677524038,42.8,1000
secondary,blind,0.9004499442173086,42.9,1000
secondary,blind,0.9004591780155041,43.0,1000
secondary,blind,0.900490134670303,43.1,1000
secondary,blind,0.9006074527661265,43.2,1000
secondary,blind,0.9006452263910412,43.3,1000
secondary,blind,0.9006550379829691,43.4,1000
secondary,blind,0.9006883187329097,43.5,1000
secondary,blind,0.9006982580657521,43.6,1000
secondary,blind,0.9007503031176555,43.7,1000
secondary,blind,0.9007697306646135,43.8,1000
secondary,blind,0.9008055278264945,43.9,1000
secondary,blind,0.9008676417758302,44.0,1000
secondary,blind,0.9009316151651772,44.1,1000
secondary,blind,0.9011013504886036,44.2,1000
secondary,blind,0.9012118975408983,44.3,1000
secondary,blind,0.9013066102325002,44.4,1000
secondary,blind,0.901362726629029,44.5,1000
secondary,blind,0.9016067779367966,44.6,1000
secondary,blind,0.9019750900177871,44.7,1000
secondary,blind,0.9021181496428671,44.8,1000
secondary,blind,0.9026731516282072,44.9,1000
secondary,blind,0.9039013714605356,45.0,1000
secondary,blind,0.9047530596726054,45.1,1000
secondary,blind,0.9049064473542469,45.2,1000
secondary,blind,0.905144066768799,45.3,1000
secondary,blind,0.9055525552326179,45.4,1000
secondary,blind,0.9056948554379463,45.5,1000
secondary,blind,0.9058462423322948,45.6,1000
secondary,blind,0.9059214024184258,45.7,1000
secondary,blind,0.9059469816928798,45.8,1000
secondary,blind,0.9059544434298495,45.9,1000
secondary,blind,0.9060038511958065,46.0,1000
secondary,blind,0.9060800629705452,46.1,1000
secondary,blind,0.9061914624477118,46.2,1000
secondary,blind,0.9063955218470525,46.3,1000
secondary,blind,0.9067006929080469,46.4,1000
secondary,blind,0.9070356192262138,46.5,1000
secondary,blind,0.9071845508941542,46.6,1000
secondary,blind,0.9072784260351416,46.7,1000
secondary,blind,0.9074036090632664,46.8,1000
secondary,blind,0.9074146767599783,46.9,1000
secondary,blind,0.9074382856090468,47.0,1000
secondary,blind,0.9074722715794292,47.1,1000
secondary,blind,0.9075224667846827,47.2,1000
secondary,blind,0.9075535333543349,47.3,1000
secondary,blind,0.907584514162367,47.4,1000
secondary,blind,0.907757860785665,47.5,1000
secondary,blind,0.9079382516532913,47.6,1000
secondary,blind,0.9080854749201784,47.7,1000
secondary,blind,0.9082341823736836,47.8,1000
secondary,blind,0.908551195770398,47.9,1000
secondary,blind,0.9089337174448869,48.0,1000
secondary,blind,0.9091983324582885,48.1,1000
secondary,blind,0.9092693977675058,48.2,1000
secondary,blind,0.9093902396785569,48.3,1000
secondary,blind,0.9095453017218648,48.4,1000
secondary,blind,0.9097284924099092,48.5,1000
secondary,blind,0.9098961936249638,48.6,1000
secondary,blind,0.9099478672106867,48.7,1000
secondary,blind,0.9101254201077507,48.8,1000
secondary,blind,0.9108904290739815,48.9,1000
secondary,blind,0.9115012841602984,49.0,1000
secondary,blind,0.911914014013313,49.1,1000
secondary,blind,0.912172579579886,49.2,1000
secondary,blind,0.9123842199050345,49.3,1000
secondary,blind,0.9127480802155751,49.4,1000
secondary,blind,0.9133160229463446,49.5,1000
secondary,blind,0.9136090945472713,49.6,1000
secondary,blind,0.9136637068812252,49.7,1000
secondary,blind,0.9137541270373385,49.8,1000
secondary,blind,0.9137559735403741,49.9,1000
secondary,blind,0.9137559735403741,50.0,1000
secondary,blind,0.9138223648425056,50.1,1000
secondary,blind,0.9139525384051181,50.2,1000
secondary,blind,0.9139991985799228,50.3,1000
secondary,blind,0.9140476248262474,50.4,1000
secondary,blind,0.9140503208895225,50.5,1000
secondary,blind,0.9140604445600116,50.6,1000
secondary,blind,0.9140690807506344,50.7,1000
secondary,blind,0.9140773385117841,50.8,1000
secondary,blind,0.9140773385117841,50.9,1000
secondary,blind,0.9140919366055081,51.0,1000
secondary,blind,0.9144130787476167,51.1,1000
secondary,blind,0.9144163805165679,51.2,1000
secondary,blind,0.9148022953014279,51.3,1000
secondary,blind,0.9152479593436517,51.4,1000
secondary,blind,0.915260274254459,51.5,1000
secondary,blind,0.9154148651109799,51.6,1000
secondary,blind,0.916143467657472,51.7,1000
secondary,blind,0.9166216603483072,51.8,1000
secondary,blind,0.9168176698658194,51.9,1000
secondary,blind,0.9169110179616126,52.0,1000
secondary,blind,0.9169735441928334,52.1,1000
secondary,blind,0.917012755638058,52.2,1000
secondary,blind,0.9172779943967284,52.3,1000
secondary,blind,0.9177826080677381,52.4,1000
secondary,blind,0.9177993145804808,52.5,1000
secondary,blind,0.9183523949136188,52.6,1000
secondary,blind,0.9186175958924252,52.7,1000
secondary,blind,0.9189732297552506,52.8,1000
secondary,blind,0.9191722527498828,52.9,1000
secondary,blind,0.91925846299961,53.0,1000
secondary,blind,0.919285944215137,53.1,1000
secondary,blind,0.919322419328331,53.2,1000
secondary,blind,0.9193434125473097,53.3,1000
secondary,blind,0.9193532185220393,53.4,1000
secondary,blind,0.9193612293433664,53.5,1000
secondary,blind,0.9193977384071955,53.6,1000
secondary,blind,0.9194624632584181,53.7,1000
secondary,blind,0.9196322793898987,53.8,1000
secondary,blind,0.9201864892518167,53.9,1000
secondary,blind,0.9214022257373272,54.0,1000
secondary,blind,0.9218826554449697,54.1,1000
secondary,blind,0.9224095667625112,54.2,1000
secondary,blind,0.9224510633564061,54.3,1000
secondary,blind,0.9226961541697456,54.4,1000
secondary,blind,0.9234026696033476,54.5,1000
secondary,blind,0.9239963813812618,54.6,1000
secondary,blind,0.9243178052247895,54.7,1000
secondary,blind,0.9246651010220447,54.8,1000
secondary,blind,0.9249065997756881,54.9,1000
secondary,blind,0.9256278626813638,55.0,1000
secondary,blind,0.9257639776069676,55.1,1000
secondary,blind,0.9257855893207108,55.2,1000
secondary,blind,0.9258888870972898,55.3,1000
secondary,blind,0.9261929029536138,55.4,1000
secondary,blind,0.9263674581536151,55.5,1000
secondary,blind,0.9263778385741023,55.6,1000
secondary,blind,0.9264444095775758,55.7,1000
secondary,blind,0.9264510741020816,55.8,1000
secondary,blind,0.9264768698606415,55.9,1000
secondary,blind,0.9265335441533125,56.0,1000
secondary,blind,0.9265356460109271,56.1,1000
secondary,blind,0.9265360425984175,56.2,1000
secondary,blind,0.9265360425984175,56.3,1000
secondary,blind,0.9265360425984175,56.4,1000
secondary,blind,0.9265360425984175,56.5,1000
secondary,blind,0.9265360425984175,56.6,1000
secondary,blind,0.9265360425984175,56.7,1000
secondary,blind,0.9265360425984175,56.8,1000
secondary,blind,0.9265360425984175,56.9,1000
secondary,blind,0.9265418802087523,57.0,1000
secondary,blind,0.9265461437535107,57.1,1000
secondary,blind,0.9265469642520414,57.2,1000
secondary,blind,0.9265469642520414,57.3,1000
secondary,blind,0.9265469642520414,57.4,1000
secondary,blind,0.9265471279617306,57.5,1000
secondary,blind,0.9265471279617306,57.6,1000
secondary,blind,0.9265471279617306,57.7,1000
secondary,blind,0.9265471279617306,57.8,1000
secondary,blind,0.9265509905954933,57.9,1000
secondary,blind,0.9268631143292492,58.0,1000
secondary,blind,0.9272076372869164,58.1,1000
secondary,blind,0.9272998283209247,58.2,1000
secondary,blind,0.9273019937044257,58.3,1000
secondary,blind,0.9273019937044257,58.4,1000
secondary,blind,0.9273024395258366,58.5,1000
secondary,blind,0.9273153142938761,58.6,1000
secondary,blind,0.9273665384823208,58.7,1000
secondary,blind,0.9274171564528104,58.8,1000
secondary,blind,0.9274292624862918,58.9,1000
secondary,blind,0.9274372994351759,59.0,1000
secondary,blind,0.9274551576503831,59.1,1000
secondary,blind,0.9274609827501756,59.2,1000
secondary,blind,0.9274609827501756,59.3,1000
secondary,blind,0.9274609827501756,59.4,1000
secondary,blind,0.9274703313129044,59.5,1000
secondary,blind,0.9276929023039597,59.6,1000
secondary,blind,0.9287243175235216,59.7,1000
secondary,blind,0.9289834565418249,59.8,1000
secondary,blind,0.9292346550055263,59.9,1000
secondary,blind,0.929720412085566,60.0,1000
secondary,blind,0.9298550632893716,60.1,1000
secondary,blind,0.9298823938332367,60.2,1000
secondary,blind,0.9299559519422615,60.3,1000
secondary,blind,0.9299957722575436,60.4,1000
secondary,blind,0.9300563896690222,60.5,1000
secondary,blind,0.930063545196332,60.6,1000
secondary,blind,0.9301053898446434,60.7,1000
secondary,blind,0.930325506486899,60.8,1000
secondary,blind,0.9303468166337213,60.9,1000
secondary,blind,0.9303637224257845,61.0,1000
secondary,blind,0.9303641154612438,61.1,1000
secondary,blind,0.9303662056794891,61.2,1000
secondary,blind,0.9303691419952945,61.3,1000
secondary,blind,0.9303731485816618,61.4,1000
secondary,blind,0.9303805313108494,61.5,1000
secondary,blind,0.9303863452634479,61.6,1000
secondary,blind,0.9303863452634479,61.7,1000
secondary,blind,0.9303875461491449,61.8,1000
secondary,blind,0.9303879057777513,61.9,1000
secondary,blind,0.9303879057777513,62.0,1000
secondary,blind,0.9303903599600716,62.1,1000
secondary,blind,0.9303913151650515,62.2,1000
secondary,blind,0.9304054265864038,62.3,1000
secondary,blind,0.930490402116472,62.4,1000
secondary,blind,0.930490402116472,62.5,1000
secondary,blind,0.930549214712503,62.6,1000
secondary,blind,0.9305501140153286,62.7,1000
secondary,blind,0.9305501140153286,62.8,1000
secondary,blind,0.9306121226564216,62.9,1000
secondary,blind,0.9308091559172709,63.0,1000
secondary,blind,0.9312640330773835,63.1,1000
secondary,blind,0.9314040235787909,63.2,1000
secondary,blind,0.9316010257567462,63.3,1000
secondary,blind,0.9316256292603668,63.4,1000
secondary,blind,0.9316457413247734,63.5,1000
secondary,blind,0.9316465622848299,63.6,1000
secondary,blind,0.9316465622848299,63.7,1000
secondary,blind,0.9316601393984034,63.8,1000
secondary,blind,0.9316614755927336,63.9,1000
secondary,blind,0.9316849613655086,64.0,1000
secondary,blind,0.931703684855407,64.1,1000
secondary,blind,0.9317120081772686,64.2,1000
secondary,blind,0.9317328833588028,64.3,1000
secondary,blind,0.9317634454747565,64.4,1000
secondary,blind,0.931780583433262,64.5,1000
secondary,blind,0.9317919976425075,64.6,1000
secondary,blind,0.9317919976425075,64.7,1000
secondary,blind,0.9318058273742428,64.8,1000
secondary,blind,0.9318201777826934,64.9,1000
secondary,blind,0.9318260577237586,65.0,1000
secondary,blind,0.931830382368443,65.1,1000
secondary,blind,0.9318499264953094,65.2,1000
secondary,blind,0.9318578581454224,65.3,1000
secondary,blind,0.9318595686159432,65.4,1000
secondary,blind,0.9318945228720091,65.5,1000
secondary,blind,0.9319722372785638,65.6,1000
secondary,blind,0.931997455898771,65.7,1000
secondary,blind,0.9320085749708483,65.8,1000
secondary,blind,0.9320085749708483,65.9,1000
secondary,blind,0.9320377833328508,66.0,1000
secondary,blind,0.9320464146732079,66.1,1000
secondary,blind,0.9320464146732079,66.2,1000
secondary,blind,0.9320497879439522,66.3,1000
secondary,blind,0.932066273647343,66.4,1000
secondary,blind,0.9320755241965363,66.5,1000
secondary,blind,0.9320854211611381,66.6,1000
secondary,blind,0.9320901860625116,66.7,1000
secondary,blind,0.932093344077662,66.8,1000
secondary,blind,0.932103514794221,66.9,1000
secondary,blind,0.9321041502211892,67.0,1000
secondary,blind,0.9321175504150906,67.1,1000
secondary,blind,0.9321785325979346,67.2,1000
secondary,blind,0.9324515210886317,67.3,1000
secondary,blind,0.9327334199772443,67.4,1000
secondary,blind,0.9327714552328297,67.5,1000
secondary,blind,0.9327727916127194,67.6,1000
secondary,blind,0.9327727916127194,67.7,1000
secondary,blind,0.9327727916127194,67.8,1000
secondary,blind,0.9327727916127194,67.9,1000
secondary,blind,0.9327727916127194,68.0,1000
secondary,blind,0.9327727916127194,68.1,1000
secondary,blind,0.9327727916127194,68.2,1000
secondary,blind,0.9327727916127194,68.3,1000
secondary,blind,0.9327727916127194,68.4,1000
secondary,blind,0.9327739841406689,68.5,1000
secondary,blind,0.9327946010624122,68.6,1000
secondary,blind,0.9327946010624122,68.7,1000
secondary,blind,0.9328087058166125,68.8,1000
secondary,blind,0.9328480085057967,68.9,1000
secondary,blind,0.9328498791997554,69.0,1000
secondary,blind,0.9328498791997554,69.1,1000
secondary,blind,0.9328498791997554,69.2,1000
secondary,blind,0.9328498791997554,69.3,1000
secondary,blind,0.9328498791997554,69.4,1000
secondary,blind,0.9328553762955702,69.5,1000
secondary,blind,0.9328553762955702,69.6,1000
secondary,blind,0.9328600353028332,69.7,1000
secondary,blind,0.9328605262870784,69.8,1000
secondary,blind,0.9329137874611058,69.9,1000
secondary,blind,0.9330419347381507,70.0,1000
secondary,blind,0.9333796286595727,70.1,1000
secondary,blind,0.933770611676449,70.2,1000
secondary,blind,0.9337978533587851,70.3,1000
secondary,blind,0.9340445211062965,70.4,1000
secondary,blind,0.9340867897515512,70.5,1000
secondary,blind,0.9341023271291764,70.6,1000
secondary,blind,0.9341284148335683,70.7,1000
secondary,blind,0.9341675503604295,70.8,1000
secondary,blind,0.9341947304373299,70.9,1000
secondary,blind,0.9342091347903931,71.0,1000
secondary,blind,0.934219004401884,71.1,1000
secondary,blind,0.934222116097469,71.2,1000
secondary,blind,0.9342294084289907,71.3,1000
secondary,blind,0.9342936254980431,71.4,1000
secondary,blind,0.9343309346830733,71.5,1000
secondary,blind,0.9343487417313125,71.6,1000
secondary,blind,0.9344779486678173,71.7,1000
secondary,blind,0.9347438562661136,71.8,1000
secondary,blind,0.9350831558927271,71.9,1000
secondary,blind,0.9352384608154206,72.0,1000
secondary,blind,0.935401495080621,72.1,1000
secondary,blind,0.9354283025210053,72.2,1000
secondary,blind,0.9355250693124438,72.3,1000
secondary,blind,0.9356033294810199,72.4,1000
secondary,blind,0.935606343554877,72.5,1000
secondary,blind,0.9356067598014308,72.6,1000
secondary,blind,0.9356248012404612,72.7,1000
secondary,blind,0.9356378644029733,72.8,1000
secondary,blind,0.9356425361155896,72.9,1000
secondary,blind,0.935643497888761,73.0,1000
secondary,blind,0.9356499283086842,73.1,1000
secondary,blind,0.9356520717076311,73.2,1000
secondary,blind,0.9356530680879769,73.3,1000
secondary,blind,0.9356540329860011,73.4,1000
secondary,blind,0.9356642330290246,73.5,1000
secondary,blind,0.9356655604044803,73.6,1000
secondary,blind,0.9356655604044803,73.7,1000
secondary,blind,0.9356660984349138,73.8,1000
secondary,blind,0.9357091516695939,73.9,1000
secondary,blind,0.9358594686758692,74.0,1000
secondary,blind,0.9359854330119622,74.1,1000
secondary,blind,0.9359976097013016,74.2,1000
secondary,blind,0.9359976097013016,74.3,1000
secondary,blind,0.9359976097013016,74.4,1000
secondary,blind,0.9360203696633252,74.5,1000
secondary,blind,0.9360333983226974,74.6,1000
secondary,blind,0.9360333983226974,74.7,1000
secondary,blind,0.9360333983226974,74.8,1000
secondary,blind,0.9360431343296028,74.9,1000
secondary,blind,0.9360435159322031,75.0,1000
secondary,blind,0.9360435159322031,75.1,1000
secondary,blind,0.9360435159322031,75.2,1000
secondary,blind,0.9360435159322031,75.3,1000
secondary,blind,0.9361240435096841,75.4,1000
secondary,blind,0.9361358169418824,75.5,1000
secondary,blind,0.9361358169418824,75.6,1000
secondary,blind,0.9361358169418824,75.7,1000
secondary,blind,0.9361360327167939,75.8,1000
secondary,blind,0.9361360327167939,75.9,1000
secondary,blind,0.9361398551531054,76.0,1000
secondary,blind,0.9361671324659965,76.1,1000
secondary,blind,0.9362030964876407,76.2,1000
secondary,blind,0.9362332142617975,76.3,1000
secondary,blind,0.9363148575095737,76.4,1000
secondary,blind,0.9363458074476605,76.5,1000
secondary,blind,0.9364041457441384,76.6,1000
secondary,blind,0.9364320137723527,76.7,1000
secondary,blind,0.936446501170188,76.8,1000
secondary,blind,0.9365050233419088,76.9,1000
secondary,blind,0.9366108175189269,77.0,1000
secondary,blind,0.9370878524394131,77.1,1000
secondary,blind,0.9372069507028308,77.2,1000
secondary,blind,0.9372532505235732,77.3,1000
secondary,blind,0.9372536466385795,77.4,1000
secondary,blind,0.937274811776938,77.5,1000
secondary,blind,0.9373104263895878,77.6,1000
secondary,blind,0.9373270179297969,77.7,1000
secondary,blind,0.9373270179297969,77.8,1000
secondary,blind,0.9373346842003247,77.9,1000
secondary,blind,0.9373962639081995,78.0,1000
secondary,blind,0.9374072715528282,78.1,1000
secondary,blind,0.9374172712091128,78.2,1000
secondary,blind,0.9374928730341285,78.3,1000
secondary,blind,0.9375070071053843,78.4,1000
secondary,blind,0.937507253479606,78.5,1000
secondary,blind,0.9375074909306179,78.6,1000
secondary,blind,0.9375310424738045,78.7,1000
secondary,blind,0.937535353193773,78.8,1000
secondary,blind,0.937535353193773,78.9,1000
secondary,blind,0.9375369067123781,79.0,1000
secondary,blind,0.9375379432967137,79.1,1000
secondary,blind,0.9375379432967137,79.2,1000
secondary,blind,0.9375379432967137,79.3,1000
secondary,blind,0.9375423257247683,79.4,1000
secondary,blind,0.9375425461621228,79.5,1000
secondary,blind,0.9375425461621228,79.6,1000
secondary,blind,0.9375425461621228,79.7,1000
secondary,blind,0.9375436598103453,79.8,1000
secondary,blind,0.9375436598103453,79.9,1000
secondary,blind,0.9375436598103453,80.0,1000
secondary,blind,0.9375436598103453,80.1,1000
secondary,blind,0.9375449897466055,80.2,1000
secondary,blind,0.9375449897466055,80.3,1000
secondary,blind,0.9375449897466055,80.4,1000
secondary,blind,0.9375449897466055,80.5,1000
secondary,blind,0.9375496916332386,80.6,1000
secondary,blind,0.9375830336161589,80.7,1000
secondary,blind,0.937712725918667,80.8,1000
secondary,blind,0.9378135801296824,80.9,1000
secondary,blind,0.9378317692846537,81.0,1000
secondary,blind,0.9378335476867089,81.1,1000
secondary,blind,0.9378346663461133,81.2,1000
secondary,blind,0.9378346663461133,81.3,1000
secondary,blind,0.9378346663461133,81.4,1000
secondary,blind,0.9378689903871856,81.5,1000
secondary,blind,0.9378689903871856,81.6,1000
secondary,blind,0.9378692551777192,81.7,1000
secondary,blind,0.9378692551777192,81.8,1000
secondary,blind,0.9378692551777192,81.9,1000
secondary,blind,0.9378692551777192,82.0,1000
secondary,blind,0.9378696946824551,82.1,1000
secondary,blind,0.93787240823618,82.2,1000
secondary,blind,0.9378895151347953,82.3,1000
secondary,blind,0.9379143185502069,82.4,1000
secondary,blind,0.9379296461837404,82.5,1000
secondary,blind,0.9379391254879966,82.6,1000
secondary,blind,0.9379450858530575,82.7,1000
secondary,blind,0.9379581935737911,82.8,1000
secondary,blind,0.9379852269981979,82.9,1000
secondary,blind,0.9379860785071804,83.0,1000
secondary,blind,0.9379860785071804,83.1,1000
secondary,blind,0.9379925438533169,83.2,1000
secondary,blind,0.937996834087786,83.3,1000
secondary,blind,0.9380258344925119,83.4,1000
secondary,blind,0.9383122390265873,83.5,1000
secondary,blind,0.9385212047593684,83.6,1000
secondary,blind,0.9385410698029459,83.7,1000
secondary,blind,0.9386740243773602,83.8,1000
secondary,blind,0.9387834260508577,83.9,1000
secondary,blind,0.9388253641222003,84.0,1000
secondary,blind,0.9388331600493537,84.1,1000
secondary,blind,0.9388615517999807,84.2,1000
secondary,blind,0.938865322774978,84.3,1000
secondary,blind,0.9388669428196391,84.4,1000
secondary,blind,0.9388680528412647,84.5,1000
secondary,blind,0.938886897381613,84.6,1000
secondary,blind,0.9388899744531439,84.7,1000
secondary,blind,0.938892209496677,84.8,1000
secondary,blind,0.9388985066779334,84.9,1000
secondary,blind,0.9388987116031606,85.0,1000
secondary,blind,0.9388987116031606,85.1,1000
secondary,blind,0.9388987116031606,85.2,1000
secondary,blind,0.9388987116031606,85.3,1000
secondary,blind,0.9388987116031606,85.4,1000
secondary,blind,0.9388987116031606,85.5,1000
secondary,blind,0.9388987116031606,85.6,1000
secondary,blind,0.9388987116031606,85.7,1000
secondary,blind,0.9388987116031606,85.8,1000
secondary,blind,0.9388987116031606,85.9,1000
secondary,blind,0.9388987116031606,86.0,1000
secondary,blind,0.9388987116031606,86.1,1000
secondary,blind,0.9388987116031606,86.2,1000
secondary,blind,0.9388987116031606,86.3,1000
secondary,blind,0.9388987116031606,86.4,1000
secondary,blind,0.9388990540335638,86.5,1000
secondary,blind,0.9388990540335638,86.6,1000
secondary,blind,0.9388990540335638,86.7,1000
secondary,blind,0.9388990540335638,86.8,1000
secondary,blind,0.9388990540335638,86.9,1000
secondary,blind,0.9389218823734383,87.0,1000
secondary,blind,0.938938892026844,87.1,1000
secondary,blind,0.9389477392780197,87.2,1000
secondary,blind,0.9389535795494459,87.3,1000
secondary,blind,0.9389651439753999,87.4,1000
secondary,blind,0.9389717614951215,87.5,1000
secondary,blind,0.9389748565633518,87.6,1000
secondary,blind,0.9389750310796082,87.7,1000
secondary,blind,0.9389764061492022,87.8,1000
secondary,blind,0.9389764061492022,87.9,1000
secondary,blind,0.9389764061492022,88.0,1000
secondary,blind,0.9389767248630799,88.1,1000
secondary,blind,0.9389767248630799,88.2,1000
secondary,blind,0.938977131395481,88.3,1000
secondary,blind,0.939019583008678,88.4,1000
secondary,blind,0.939068275712181,88.5,1000
secondary,blind,0.9390832627288404,88.6,1000
secondary,blind,0.9390939275127436,88.7,1000
secondary,blind,0.9391941581948104,88.8,1000
secondary,blind,0.9391941581948104,88.9,1000
secondary,blind,0.9391953154045793,89.0,1000
secondary,blind,0.9392068096812984,89.1,1000
secondary,blind,0.9392113116392081,89.2,1000
secondary,blind,0.9392149031448865,89.3,1000
secondary,blind,0.9392154237800477,89.4,1000
secondary,blind,0.9392163116771617,89.5,1000
secondary,blind,0.9392163116771617,89.6,1000
secondary,blind,0.9392164400343979,89.7,1000
secondary,blind,0.9392240450552488,89.8,1000
secondary,blind,0.9392437461227087,89.9,1000
secondary,blind,0.9392643827609057,90.0,1000
secondary,blind,0.9393040303002217,90.1,1000
secondary,blind,0.9394109020409435,90.2,1000
secondary,blind,0.9394486967811086,90.3,1000
secondary,blind,0.9394705891362151,90.4,1000
secondary,blind,0.9395136295729692,90.5,1000
secondary,blind,0.9395311696282175,90.6,1000
secondary,blind,0.9395776963829511,90.7,1000
secondary,blind,0.9395785632600621,90.8,1000
secondary,blind,0.9396807918130592,90.9,1000
secondary,blind,0.939751389004879,91.0,1000
secondary,blind,0.9397534156229931,91.1,1000
secondary,blind,0.9397580688640429,91.2,1000
secondary,blind,0.9397881680812313,91.3,1000
secondary,blind,0.9397881680812313,91.4,1000
secondary,blind,0.9397898965254634,91.5,1000
secondary,blind,0.9398018254414,91.6,1000
secondary,blind,0.9398075899585064,91.7,1000
secondary,blind,0.9398075899585064,91.8,1000
secondary,blind,0.9398090266323907,91.9,1000
secondary,blind,0.9398090266323907,92.0,1000
secondary,blind,0.9398216617423538,92.1,1000
secondary,blind,0.9398216617423538,92.2,1000
secondary,blind,0.9398235041636097,92.3,1000
secondary,blind,0.9398307485229892,92.4,1000
secondary,blind,0.9398316475569959,92.5,1000
secondary,blind,0.9398316475569959,92.6,1000
secondary,blind,0.9398316475569959,92.7,1000
secondary,blind,0.9398365046900614,92.8,1000
secondary,blind,0.9400051746644689,92.9,1000
secondary,blind,0.9401431951306088,93.0,1000
secondary,blind,0.9401809598400364,93.1,1000
secondary,blind,0.9401834727058381,93.2,1000
secondary,blind,0.9401834727058381,93.3,1000
secondary,blind,0.9401951168627531,93.4,1000
secondary,blind,0.9402676528451267,93.5,1000
secondary,blind,0.9402747521126714,93.6,1000
secondary,blind,0.9402933205054879,93.7,1000
secondary,blind,0.9403267590652269,93.8,1000
secondary,blind,0.940377166135783,93.9,1000
secondary,blind,0.9404467206445132,94.0,1000
secondary,blind,0.940547027167005,94.1,1000
secondary,blind,0.9407123964135059,94.2,1000
secondary,blind,0.9408400608116335,94.3,1000
secondary,blind,0.9409584505114379,94.4,1000
secondary,blind,0.9411605405594824,94.5,1000
secondary,blind,0.9412431935074441,94.6,1000
secondary,blind,0.9413356717321509,94.7,1000
secondary,blind,0.9413614719409825,94.8,1000
secondary,blind,0.9413621884687805,94.9,1000
secondary,blind,0.9413621884687805,95.0,1000
secondary,blind,0.9413828925379485,95.1,1000
secondary,blind,0.9413828925379485,95.2,1000
secondary,blind,0.9413828925379485,95.3,1000
secondary,blind,0.9413832752376045,95.4,1000
secondary,blind,0.941391743217538,95.5,1000
secondary,blind,0.9414662740581258,95.6,1000
secondary,blind,0.9415756655649532,95.7,1000
secondary,blind,0.9417383722815019,95.8,1000
secondary,blind,0.9417504991046705,95.9,1000
secondary,blind,0.9418959287861991,96.0,1000
secondary,blind,0.9419079398442424,96.1,1000
secondary,blind,0.9419165469166646,96.2,1000
secondary,blind,0.9419325041601547,96.3,1000
secondary,blind,0.9419608904002861,96.4,1000
secondary,blind,0.9419800704013749,96.5,1000
secondary,blind,0.9419920175549813,96.6,1000
secondary,blind,0.9419920175549813,96.7,1000
secondary,blind,0.9419929905324724,96.8,1000
secondary,blind,0.9420050894751145,96.9,1000
secondary,blind,0.942026425102659,97.0,1000
secondary,blind,0.9420337563849398,97.1,1000
secondary,blind,0.9420348818831848,97.2,1000
secondary,blind,0.9420365478371869,97.3,1000
secondary,blind,0.9420365478371869,97.4,1000
secondary,blind,0.9420365478371869,97.5,1000
secondary,blind,0.9420365478371869,97.6,1000
secondary,blind,0.9420365478371869,97.7,1000
secondary,blind,0.9420365478371869,97.8,1000
secondary,blind,0.9420439962743813,97.9,1000
secondary,blind,0.9420834860237756,98.0,1000
secondary,blind,0.9421059782145503,98.1,1000
secondary,blind,0.942166594687231,98.2,1000
secondary,blind,0.9421976915306326,98.3,1000
secondary,blind,0.9422717514373161,98.4,1000
secondary,blind,0.9422735640777561,98.5,1000
secondary,blind,0.942281150344804,98.6,1000
secondary,blind,0.9422957310019032,98.7,1000
secondary,blind,0.9422974584010771,98.8,1000
secondary,blind,0.9423301757190846,98.9,1000
secondary,blind,0.9424299689658412,99.0,1000
secondary,blind,0.9425376321796267,99.1,1000
secondary,blind,0.9426149317885376,99.2,1000
secondary,blind,0.9426601084729705,99.3,1000
secondary,blind,0.9426627576094929,99.4,1000
secondary,blind,0.9426691204682893,99.5,1000
secondary,blind,0.9426701326051953,99.6,1000
secondary,blind,0.9426720628676358,99.7,1000
secondary,blind,0.9426740749366541,99.8,1000
secondary,blind,0.9426771742402076,99.9,1000
secondary,blind,0.9426776453544404,100.0,1000
secondary,blind,0.9426776453544404,100.1,1000
secondary,blind,0.94271118251834,100.2,1000
secondary,blind,0.9428970628563729,100.3,1000
secondary,blind,0.9432456054498076,100.4,1000
secondary,blind,0.9432829982069318,100.5,1000
secondary,blind,0.9432862864589711,100.6,1000
secondary,blind,0.9432862864589711,100.7,1000
secondary,blind,0.9433071185992944,100.8,1000
secondary,blind,0.9435499901185149,100.9,1000
secondary,blind,0.9440400785391809,101.0,1000
secondary,blind,0.944325207215095,101.1,1000
secondary,blind,0.9446973343246923,101.2,1000
secondary,blind,0.9449236456917574,101.3,1000
secondary,blind,0.9453238111126139,101.4,1000
secondary,blind,0.9454748565742688,101.5,1000
secondary,blind,0.945531938227317,101.6,1000
secondary,blind,0.9455869309820811,101.7,1000
secondary,blind,0.9457145500357849,101.8,1000
secondary,blind,0.9460509919697204,101.9,1000
secondary,blind,0.9465233160627503,102.0,1000
secondary,blind,0.9468604741879972,102.1,1000
secondary,blind,0.9472543418819678,102.2,1000
secondary,blind,0.9475509587411335,102.3,1000
secondary,blind,0.9480087197849183,102.4,1000
secondary,blind,0.9484534940946159,102.5,1000
secondary,blind,0.9486274539564735,102.6,1000
secondary,blind,0.9486331055701759,102.7,1000
secondary,blind,0.9486549010255133,102.8,1000
secondary,blind,0.9486897444002109,102.9,1000
secondary,blind,0.9487934405769162,103.0,1000
secondary,blind,0.9490013672255447,103.1,1000
secondary,blind,0.9491851430498973,103.2,1000
secondary,blind,0.9492957350303121,103.3,1000
secondary,blind,0.9496457091950734,103.4,1000
secondary,blind,0.9499861585426654,103.5,1000
secondary,blind,0.9501168672995772,103.6,1000
secondary,blind,0.9501261622923658,103.7,1000
secondary,blind,0.950287391089203,103.8,1000
secondary,blind,0.950287391089203,103.9,1000
secondary,blind,0.950287391089203,104.0,1000
secondary,blind,0.9503417434318878,104.1,1000
secondary,blind,0.9505713132180021,104.2,1000
secondary,blind,0.9508051354140792,104.3,1000
secondary,blind,0.9510282123483454,104.4,1000
secondary,blind,0.9512292922901989,104.5,1000
secondary,blind,0.9512885977599479,104.6,1000
secondary,blind,0.9513464316091351,104.7,1000
secondary,blind,0.9514127339746585,104.8,1000
secondary,blind,0.9516329344515501,104.9,1000
secondary,blind,0.9517781718790804,105.0,1000
secondary,blind,0.951863596084527,105.1,1000
secondary,blind,0.9518718409440484,105.2,1000
secondary,blind,0.9520179133377309,105.3,1000
secondary,blind,0.9520759676890393,105.4,1000
secondary,blind,0.9520865296889068,105.5,1000
secondary,blind,0.9521615624480457,105.6,1000
secondary,blind,0.9521698154604886,105.7,1000
secondary,blind,0.9521878608718257,105.8,1000
secondary,blind,0.9522507153632047,105.9,1000
secondary,blind,0.9522507153632047,106.0,1000
secondary,blind,0.9524125209588062,106.1,1000
secondary,blind,0.9527566195174687,106.2,1000
secondary,blind,0.9530782077771014,106.3,1000
secondary,blind,0.9535143559835657,106.4,1000
secondary,blind,0.9536968629489535,106.5,1000
secondary,blind,0.9538231608725217,106.6,1000
secondary,blind,0.953840443965547,106.7,1000
secondary,blind,0.9540512317996477,106.8,1000
secondary,blind,0.9542196938421094,106.9,1000
secondary,blind,0.9542719408822091,107.0,1000
secondary,blind,0.9543025245911322,107.1,1000
secondary,blind,0.9543096754357221,107.2,1000
secondary,blind,0.9543101664199672,107.3,1000
secondary,blind,0.9543112283780549,107.4,1000
secondary,blind,0.9543220850607687,107.5,1000
secondary,blind,0.954326332635207,107.6,1000
secondary,blind,0.9543291483712654,107.7,1000
secondary,blind,0.9543300118605986,107.8,1000
secondary,blind,0.9543341702985063,107.9,1000
secondary,blind,0.954371294889476,108.0,1000
secondary,blind,0.9545312204579068,108.1,1000
secondary,blind,0.9545500622861537,108.2,1000
secondary,blind,0.9546170371125352,108.3,1000
secondary,blind,0.9546222966325166,108.4,1000
secondary,blind,0.9546227133567297,108.5,1000
secondary,blind,0.9546510942761856,108.6,1000
secondary,blind,0.9546582745081675,108.7,1000
secondary,blind,0.9546596411703331,108.8,1000
secondary,blind,0.9546811464717619,108.9,1000
secondary,blind,0.9547141625445851,109.0,1000
secondary,blind,0.9547427254458789,109.1,1000
secondary,blind,0.9547471970269757,109.2,1000
secondary,blind,0.954752698340801,109.3,1000
secondary,blind,0.9547633199529293,109.4,1000
secondary,blind,0.954766366309984,109.5,1000
secondary,blind,0.9548517680114211,109.6,1000
secondary,blind,0.9548542142045199,109.7,1000
secondary,blind,0.9548601778467111,109.8,1000
secondary,blind,0.954861616003747,109.9,1000
secondary,blind,0.9548929835205227,110.0,1000
secondary,blind,0.9548936401389945,110.1,1000
secondary,blind,0.9549062795454012,110.2,1000
secondary,blind,0.9549096384718749,110.3,1000
secondary,blind,0.9549333730002854,110.4,1000
secondary,blind,0.9549506797579743,110.5,1000
secondary,blind,0.9550168424257511,110.6,1000
secondary,blind,0.9551217861145727,110.7,1000
secondary,blind,0.955225181832102,110.8,1000
secondary,blind,0.9553424286996063,110.9,1000
secondary,blind,0.9555897045486325,111.0,1000
secondary,blind,0.9556282844418811,111.1,1000
secondary,blind,0.9556734130916612,111.2,1000
secondary,blind,0.9556745791141374,111.3,1000
secondary,blind,0.9556745791141374,111.4,1000
secondary,blind,0.9556745791141374,111.5,1000
secondary,blind,0.9556745791141374,111.6,1000
secondary,blind,0.9556745791141374,111.7,1000
secondary,blind,0.9556745791141374,111.8,1000
secondary,blind,0.9556753480656806,111.9,1000
secondary,blind,0.955725170581563,112.0,1000
secondary,blind,0.9558644352842653,112.1,1000
secondary,blind,0.9561118392324436,112.2,1000
secondary,blind,0.9562364594290769,112.3,1000
secondary,blind,0.9563416062156277,112.4,1000
secondary,blind,0.9563968099172827,112.5,1000
secondary,blind,0.956541875766394,112.6,1000
secondary,blind,0.9566402888645572,112.7,1000
secondary,blind,0.9566495209531485,112.8,1000
secondary,blind,0.9569214101178737,112.9,1000
secondary,blind,0.9571936083581373,113.0,1000
secondary,blind,0.9572914194072678,113.1,1000
secondary,blind,0.9573594885246223,113.2,1000
secondary,blind,0.9574278552299484,113.3,1000
secondary,blind,0.9575322452286822,113.4,1000
secondary,blind,0.9575823178103993,113.5,1000
secondary,blind,0.9576202376179309,113.6,1000
secondary,blind,0.9576865962055136,113.7,1000
secondary,blind,0.9577645802041092,113.8,1000
secondary,blind,0.9578264400364972,113.9,1000
secondary,blind,0.9579261265795459,114.0,1000
secondary,blind,0.9579287401289688,114.1,1000
secondary,blind,0.9579287401289688,114.2,1000
secondary,blind,0.9579289685007711,114.3,1000
secondary,blind,0.9579289685007711,114.4,1000
secondary,blind,0.9579289685007711,114.5,1000
secondary,blind,0.9579308954535214,114.6,1000
secondary,blind,0.9579685549807329,114.7,1000
secondary,blind,0.9579919351322025,114.8,1000
secondary,blind,0.9580357680698669,114.9,1000
secondary,blind,0.9581650247100858,115.0,1000
secondary,blind,0.9584937594720835,115.1,1000
secondary,blind,0.9587220584421515,115.2,1000
secondary,blind,0.9588392533185615,115.3,1000
secondary,blind,0.9588924059420579,115.4,1000
secondary,blind,0.958931534692091,115.5,1000
secondary,blind,0.9589481565768113,115.6,1000
secondary,blind,0.95895211013,115.7,1000
secondary,blind,0.9589580782633221,115.8,1000
secondary,blind,0.9590011341208309,115.9,1000
secondary,blind,0.9590334595019055,116.0,1000
secondary,blind,0.9590582683693294,116.1,1000
secondary,blind,0.9590832879445741,116.2,1000
secondary,blind,0.959087840503468,116.3,1000
secondary,blind,0.9590935971790662,116.4,1000
secondary,blind,0.9590942937127965,116.5,1000
secondary,blind,0.9590953618149877,116.6,1000
secondary,blind,0.9590957350469338,116.7,1000
secondary,blind,0.9590957350469338,116.8,1000
secondary,blind,0.959096272303636,116.9,1000
secondary,blind,0.9590967683948551,117.0,1000
secondary,blind,0.9590970620001955,117.1,1000
secondary,blind,0.9590970620001955,117.2,1000
secondary,blind,0.9591208183550838,117.3,1000
secondary,blind,0.9591210302039079,117.4,1000
secondary,blind,0.9591210302039079,117.5,1000
secondary,blind,0.9591338763707186,117.6,1000
secondary,blind,0.9591338763707186,117.7,1000
secondary,blind,0.9591338763707186,117.8,1000
secondary,blind,0.9591338763707186,117.9,1000
secondary,blind,0.9591355400498051,118.0,1000
secondary,blind,0.9591377562446044,118.1,1000
secondary,blind,0.9591377562446044,118.2,1000
secondary,blind,0.9591739226822185,118.3,1000
secondary,blind,0.9591986138044601,118.4,1000
secondary,blind,0.9591986138044601,118.5,1000
secondary,blind,0.9591988939721897,118.6,1000
secondary,blind,0.9591994675571379,118.7,1000
secondary,blind,0.9592176933934897,118.8,1000
secondary,blind,0.9592176933934897,118.9,1000
secondary,blind,0.9592176933934897,119.0,1000
secondary,blind,0.9592191692233415,119.1,1000
secondary,blind,0.9592200325294092,119.2,1000
secondary,blind,0.9592455268993283,119.3,1000
secondary,blind,0.9592524084484946,119.4,1000
secondary,blind,0.9592529075816205,119.5,1000
secondary,blind,0.9593133575874252,119.6,1000
secondary,blind,0.9593796386715022,119.7,1000
secondary,blind,0.9594241208941928,119.8,1000
secondary,blind,0.9594944370517732,119.9,1000
secondary,blind,0.9595810925149629,120.0,1000
primary,donor,0.05442588306690788,0.0,750
primary,donor,0.06938429760649503,0.1,750
primary,donor,0.08152202451044852,0.2,750
primary,donor,0.09458691081944007,0.3,750
primary,donor,0.10698552064509423,0.4,750
primary,donor,0.11801871671330463,0.5,750
primary,donor,0.12859596012215527,0.6,750
primary,donor,0.1399105116701817,0.7,750
primary,donor,0.14981429405067767,0.8,750
primary,donor,0.15736149988082734,0.9,750
primary,donor,0.16277859030097502,1.0,750
primary,donor,0.1678417970631961,1.1,750
primary,donor,0.17250339520660088,1.2,750
primary,donor,0.1788761041012489,1.3,750
primary,donor,0.1857987356483575,1.4,750
primary,donor,0.19217738540266982,1.5,750
primary,donor,0.1985521438548079,1.6,750
primary,donor,0.20513227647442145,1.7,750
primary,donor,0.21139764049682122,1.8,750
primary,donor,0.21684210588016714,1.9,750
primary,donor,0.22250366685005757,2.0,750
primary,donor,0.22781232151279926,2.1,750
primary,donor,0.23509033410452262,2.2,750
primary,donor,0.2397750990488513,2.3,750
primary,donor,0.24368468386578584,2.4,750
primary,donor,0.2482866550895512,2.5,750
primary,donor,0.25142481422831886,2.6,750
primary,donor,0.25607859295844426,2.7,750
primary,donor,0.25922497992636545,2.8,750
primary,donor,0.2616743004919212,2.9,750
primary,donor,0.26472014728820803,3.0,750
primary,donor,0.2676548369238526,3.1,750
primary,donor,0.2719452472633615,3.2,750
primary,donor,0.276972029760734,3.3,750
primary,donor,0.2832666810225877,3.4,750
primary,donor,0.2889940611958171,3.5,750
primary,donor,0.2941073206818247,3.6,750
primary,donor,0.29753628418766664,3.7,750
primary,donor,0.3001893688837184,3.8,750
primary,donor,0.3042254986227376,3.9,750
primary,donor,0.30799312291123104,4.0,750
primary,donor,0.3119052519248114,4.1,750
primary,donor,0.31593158445193303,4.2,750
primary,donor,0.3181615650795184,4.3,750
primary,donor,0.32072577597266183,4.4,750
primary,donor,0.32395212068171,4.5,750
primary,donor,0.32877196148853854,4.6,750
primary,donor,0.3326525153341331,4.7,750
primary,donor,0.33721124734544417,4.8,750
primary,donor,0.3422869567793187,4.9,750
primary,donor,0.346649275558158,5.0,750
primary,donor,0.3495503551901757,5.1,750
primary,donor,0.3515679158095366,5.2,750
primary,donor,0.3548117526626307,5.3,750
primary,donor,0.3585973672596944,5.4,750
primary,donor,0.3621066712996812,5.5,750
primary,donor,0.3656151189995163,5.6,750
primary,donor,0.3687733263262461,5.7,750
primary,donor,0.3708321741084685,5.8,750
primary,donor,0.3737438067869775,5.9,750
primary,donor,0.3765292609057341,6.0,750
primary,donor,0.3789826849023089,6.1,750
primary,donor,0.3820207590540286,6.2,750
primary,donor,0.3856290708953524,6.3,750
primary,donor,0.3881718325917369,6.4,750
primary,donor,0.38931377779042386,6.5,750
primary,donor,0.391292686230202,6.6,750
primary,donor,0.39389147220335546,6.7,750
primary,donor,0.39664675700116525,6.8,750
primary,donor,0.3987948169832132,6.9,750
primary,donor,0.4015097506055223,7.0,750
primary,donor,0.40464180226051066,7.1,750
primary,donor,0.4066861716464215,7.2,750
primary,donor,0.4086178640878611,7.3,750
primary,donor,0.41255437188435085,7.4,750
primary,donor,0.4166525208114672,7.5,750
primary,donor,0.4192537677522046,7.6,750
primary,donor,0.42142211510947913,7.7,750
primary,donor,0.42459395118170595,7.8,750
primary,donor,0.42774732007311095,7.9,750
primary,donor,0.43089685288398005,8.0,750
primary,donor,0.433505127223529,8.1,750
primary,donor,0.4348210178839795,8.2,750
primary,donor,0.43818331670583444,8.3,750
primary,donor,0.4408461149036921,8.4,750
primary,donor,0.4440065359462943,8.5,750
primary,donor,0.4486175930873277,8.6,750
primary,donor,0.4529363321950251,8.7,750
primary,donor,0.45644605010310374,8.8,750
primary,donor,0.4594148631388365,8.9,750
primary,donor,0.46094263100206956,9.0,750
primary,donor,0.46275008890494135,9.1,750
primary,donor,0.46586314028492587,9.2,750
primary,donor,0.46871458897782897,9.3,750
primary,donor,0.47173480556664116,9.4,750
primary,donor,0.4739299453017809,9.5,750
primary,donor,0.4766229519031452,9.6,750
primary,donor,0.4795346612149942,9.7,750
primary,donor,0.4815465579437101,9.8,750
primary,donor,0.48338555034247943,9.9,750
primary,donor,0.4851746445869593,10.0,750
primary,donor,0.487322365146463,10.1,750
primary,donor,0.4895415893572414,10.2,750
primary,donor,0.4921892697832412,10.3,750
primary,donor,0.49501824360131025,10.4,750
primary,donor,0.4975421741763761,10.5,750
primary,donor,0.49950879773545936,10.6,750
primary,donor,0.5010533761348662,10.7,750
primary,donor,0.502917377346402,10.8,750
primary,donor,0.5038710889558659,10.9,750
primary,donor,0.5051670100113431,11.0,750
primary,donor,0.5070252343538757,11.1,750
primary,donor,0.5083825225971869,11.2,750
primary,donor,0.5099949236767665,11.3,750
primary,donor,0.5119673349776336,11.4,750
primary,donor,0.5133740156042194,11.5,750
primary,donor,0.5140133505309717,11.6,750
primary,donor,0.5149062190145393,11.7,750
primary,donor,0.5157079450175239,11.8,750
primary,donor,0.516443894410106,11.9,750
primary,donor,0.5172953547592203,12.0,750
primary,donor,0.5181300894975799,12.1,750
primary,donor,0.5186457805209365,12.2,750
primary,donor,0.5195860079243456,12.3,750
primary,donor,0.5208261491788269,12.4,750
primary,donor,0.5217968499261354,12.5,750
primary,donor,0.5225231428186404,12.6,750
primary,donor,0.5229532600766871,12.7,750
primary,donor,0.5236540165815585,12.8,750
primary,donor,0.52451378351887,12.9,750
primary,donor,0.5260897541670032,13.0,750
primary,donor,0.5274831614354177,13.1,750
primary,donor,0.5280675692693403,13.2,750
primary,donor,0.5287707371927228,13.3,750
primary,donor,0.5295964653162921,13.4,750
primary,donor,0.5303495097098451,13.5,750
primary,donor,0.5317013216193031,13.6,750
primary,donor,0.5333536101334384,13.7,750
primary,donor,0.5352318458062776,13.8,750
primary,donor,0.5362715392758893,13.9,750
primary,donor,0.5376749414269565,14.0,750
primary,donor,0.5390493044425001,14.1,750
primary,donor,0.5417582582017284,14.2,750
primary,donor,0.5428444800223848,14.3,750
primary,donor,0.5445140418396871,14.4,750
primary,donor,0.5460807419650858,14.5,750
primary,donor,0.547033500278604,14.6,750
primary,donor,0.5485271929512885,14.7,750
primary,donor,0.550838012872798,14.8,750
primary,donor,0.5531559525136893,14.9,750
primary,donor,0.5556835307109667,15.0,750
primary,donor,0.5573144657331615,15.1,750
primary,donor,0.5583742406008287,15.2,750
primary,donor,0.5595329032156542,15.3,750
primary,donor,0.5607573906130431,15.4,750
primary,donor,0.5616698471816189,15.5,750
primary,donor,0.5626318634444708,15.6,750
primary,donor,0.563496187390594,15.7,750
primary,donor,0.5639243555145742,15.8,750
primary,donor,0.5646116455136084,15.9,750
primary,donor,0.5653706394402623,16.0,750
primary,donor,0.5660440952573151,16.1,750
primary,donor,0.5669820736262445,16.2,750
primary,donor,0.5682099100039643,16.3,750
primary,donor,0.5685783914186999,16.4,750
primary,donor,0.5693879371206736,16.5,750
primary,donor,0.569948137708991,16.6,750
primary,donor,0.570439935121575,16.7,750
primary,donor,0.5712572854855118,16.8,750
primary,donor,0.5718909541274043,16.9,750
primary,donor,0.5730682133300247,17.0,750
primary,donor,0.574055296120716,17.1,750
primary,donor,0.5749648100693393,17.2,750
primary,donor,0.575938608883741,17.3,750
primary,donor,0.5768179030770592,17.4,750
primary,donor,0.5784641041014663,17.5,750
primary,donor,0.5800669145719989,17.6,750
primary,donor,0.5816393512939279,17.7,750
primary,donor,0.5835009564980815,17.8,750
primary,donor,0.5849356607693122,17.9,750
primary,donor,0.5857628362546691,18.0,750
primary,donor,0.5873187774517846,18.1,750
primary,donor,0.5884073825136402,18.2,750
primary,donor,0.5891406004922684,18.3,750
primary,donor,0.59060044563151,18.4,750
primary,donor,0.5918721820876995,18.5,750
primary,donor,0.5932230187762144,18.6,750
primary,donor,0.5939447305070977,18.7,750
primary,donor,0.5953677610563897,18.8,750
primary,donor,0.5961920829250787,18.9,750
primary,donor,0.597538466636911,19.0,750
primary,donor,0.5987750556045028,19.1,750
primary,donor,0.5996420410287769,19.2,750
primary,donor,0.6011331455351355,19.3,750
primary,donor,0.6020549802088687,19.4,750
primary,donor,0.6032475659279728,19.5,750
primary,donor,0.6056724099895572,19.6,750
primary,donor,0.6090016800653351,19.7,750
primary,donor,0.6111731564755016,19.8,750
primary,donor,0.6131258275666589,19.9,750
primary,donor,0.6149533274552276,20.0,750
primary,donor,0.6167498107550792,20.1,750
primary,donor,0.6179320590598394,20.2,750
primary,donor,0.6190554224847813,20.3,750
primary,donor,0.6201565222737495,20.4,750
primary,donor,0.6209784866142035,20.5,750
primary,donor,0.6221378481009229,20.6,750
primary,donor,0.6234958101732442,20.7,750
primary,donor,0.624479838467941,20.8,750
primary,donor,0.6249542702193033,20.9,750
primary,donor,0.6256490031294754,21.0,750
primary,donor,0.6262405757153916,21.1,750
primary,donor,0.6268994475777205,21.2,750
primary,donor,0.6276538612906882,21.3,750
primary,donor,0.6285805991278539,21.4,750
primary,donor,0.6293608333492953,21.5,750
primary,donor,0.6300463336193548,21.6,750
primary,donor,0.6307605628852159,21.7,750
primary,donor,0.6312431779261148,21.8,750
primary,donor,0.6318302914771217,21.9,750
primary,donor,0.6323888677977099,22.0,750
primary,donor,0.6325639852179583,22.1,750
primary,donor,0.6328296034496349,22.2,750
primary,donor,0.6333969483036912,22.3,750
primary,donor,0.6341774851745929,22.4,750
primary,donor,0.635422518682136,22.5,750
primary,donor,0.6370192756031436,22.6,750
primary,donor,0.6378845301749987,22.7,750
primary,donor,0.6386465699578953,22.8,750
primary,donor,0.6391315705919941,22.9,750
primary,donor,0.6394745107059036,23.0,750
primary,donor,0.6404030902094581,23.1,750
primary,donor,0.641159816209934,23.2,750
primary,donor,0.6421056725962362,23.3,750
primary,donor,0.6425789660452392,23.4,750
primary,donor,0.6429093205293067,23.5,750
primary,donor,0.6431787067042162,23.6,750
primary,donor,0.6434661088289955,23.7,750
primary,donor,0.6436864995906616,23.8,750
primary,donor,0.6441576793882512,23.9,750
primary,donor,0.6444959156664812,24.0,750
primary,donor,0.6449734032656561,24.1,750
primary,donor,0.6452412231552045,24.2,750
primary,donor,0.6457169323487222,24.3,750
primary,donor,0.6461579597541268,24.4,750
primary,donor,0.6467973903250994,24.5,750
primary,donor,0.6472429850671454,24.6,750
primary,donor,0.6476754244842479,24.7,750
primary,donor,0.6480946964237795,24.8,750
primary,donor,0.6485952577527015,24.9,750
primary,donor,0.6489371698588484,25.0,750
primary,donor,0.6495249211470463,25.1,750
primary,donor,0.6505810146465133,25.2,750
primary,donor,0.6523461640998544,25.3,750
primary,donor,0.6538663949308545,25.4,750
primary,donor,0.654445546026182,25.5,750
primary,donor,0.6551825998432024,25.6,750
primary,donor,0.6563294713955583,25.7,750
primary,donor,0.657331576935875,25.8,750
primary,donor,0.6579265625417657,25.9,750
primary,donor,0.6583656862946693,26.0,750
primary,donor,0.6592837711426708,26.1,750
primary,donor,0.660182587324799,26.2,750
primary,donor,0.6609363174152023,26.3,750
primary,donor,0.6616947121167523,26.4,750
primary,donor,0.6626232686775775,26.5,750
primary,donor,0.6637659408769281,26.6,750
primary,donor,0.6641213255771986,26.7,750
primary,donor,0.6644037759458544,26.8,750
primary,donor,0.6645977581202052,26.9,750
primary,donor,0.6652992091888527,27.0,750
primary,donor,0.6655895255870214,27.1,750
primary,donor,0.6657432239190108,27.2,750
primary,donor,0.6658659788638536,27.3,750
primary,donor,0.6661552139018051,27.4,750
primary,donor,0.6666813077578596,27.5,750
primary,donor,0.6671841716946296,27.6,750
primary,donor,0.6675566727314356,27.7,750
primary,donor,0.6678131129647037,27.8,750
primary,donor,0.6680482425125801,27.9,750
primary,donor,0.668665224517066,28.0,750
primary,donor,0.6690067105515597,28.1,750
primary,donor,0.6691980767295186,28.2,750
primary,donor,0.6693725612959777,28.3,750
primary,donor,0.6696831329626575,28.4,750
primary,donor,0.669945939866043,28.5,750
primary,donor,0.6703062257920539,28.6,750
primary,donor,0.6709397374793391,28.7,750
primary,donor,0.6719701204700589,28.8,750
primary,donor,0.6729320644261779,28.9,750
primary,donor,0.6739484730907003,29.0,750
primary,donor,0.6741336821369456,29.1,750
primary,donor,0.6742066949669848,29.2,750
primary,donor,0.6743144856666548,29.3,750
primary,donor,0.674498058865011,29.4,750
primary,donor,0.6746752368207986,29.5,750
primary,donor,0.6753003089770393,29.6,750
primary,donor,0.6758325075140135,29.7,750
primary,donor,0.6764791066119208,29.8,750
primary,donor,0.677070001103456,29.9,750
primary,donor,0.6776742422277522,30.0,750
primary,donor,0.6784361802606047,30.1,750
primary,donor,0.6789862315438675,30.2,750
primary,donor,0.6794489847375204,30.3,750
primary,donor,0.6801800477800028,30.4,750
primary,donor,0.6808508047820823,30.5,750
primary,donor,0.6812772378801013,30.6,750
primary,donor,0.6815348749659743,30.7,750
primary,donor,0.6822626733375325,30.8,750
primary,donor,0.6828270545826093,30.9,750
primary,donor,0.6834890392714856,31.0,750
primary,donor,0.6841806085245054,31.1,750
primary,donor,0.6846960035628683,31.2,750
primary,donor,0.6850303106886383,31.3,750
primary,donor,0.6858458305937402,31.4,750
primary,donor,0.6862521808130057,31.5,750
primary,donor,0.6866554413421494,31.6,750
primary,donor,0.6870714440870761,31.7,750
primary,donor,0.687337154126449,31.8,750
primary,donor,0.6874626923950177,31.9,750
primary,donor,0.6877274676356172,32.0,750
primary,donor,0.687873888645853,32.1,750
primary,donor,0.6879975820694582,32.2,750
primary,donor,0.6881261558496217,32.3,750
primary,donor,0.6883216736067612,32.4,750
primary,donor,0.688465554568441,32.5,750
primary,donor,0.6885583911540019,32.6,750
primary,donor,0.6887858913909481,32.7,750
primary,donor,0.6893134713154211,32.8,750
primary,donor,0.6894281489420224,32.9,750
primary,donor,0.6894719796067089,33.0,750
primary,donor,0.689543538445214,33.1,750
primary,donor,0.6896642058166158,33.2,750
primary,donor,0.6902078109214197,33.3,750
primary,donor,0.690483583047694,33.4,750
primary,donor,0.6909165662745068,33.5,750
primary,donor,0.6912391334144117,33.6,750
primary,donor,0.6915327306841191,33.7,750
primary,donor,0.6916903545521967,33.8,750
primary,donor,0.6918689698863572,33.9,750
primary,donor,0.6920265508498176,34.0,750
primary,donor,0.6921499913812492,34.1,750
primary,donor,0.6925133812542504,34.2,750
primary,donor,0.6927030029153215,34.3,750
primary,donor,0.692954776293165,34.4,750
primary,donor,0.693536993766124,34.5,750
primary,donor,0.6941984455149842,34.6,750
primary,donor,0.6946662130043088,34.7,750
primary,donor,0.6949523866609829,34.8,750
primary,donor,0.6953295354903781,34.9,750
primary,donor,0.6957841825734448,35.0,750
primary,donor,0.6964810096316465,35.1,750
primary,donor,0.6969215198168535,35.2,750
primary,donor,0.697265494825299,35.3,750
primary,donor,0.6975868692526456,35.4,750
primary,donor,0.6979610702365862,35.5,750
primary,donor,0.6985444774065486,35.6,750
primary,donor,0.6988318382050468,35.7,750
primary,donor,0.6995687352922056,35.8,750
primary,donor,0.6997963336786951,35.9,750
primary,donor,0.7001214496988603,36.0,750
primary,donor,0.700567348920565,36.1,750
primary,donor,0.7014301956098394,36.2,750
primary,donor,0.7025388410316247,36.3,750
primary,donor,0.7030146628472786,36.4,750
primary,donor,0.7034988010717225,36.5,750
primary,donor,0.7041632036795734,36.6,750
primary,donor,0.7044209180199689,36.7,750
primary,donor,0.7047289692419914,36.8,750
primary,donor,0.7051425882124845,36.9,750
primary,donor,0.7056426113375219,37.0,750
primary,donor,0.7061594552987629,37.1,750
primary,donor,0.7063393123104028,37.2,750
primary,donor,0.7066335162556281,37.3,750
primary,donor,0.7080182258656943,37.4,750
primary,donor,0.708774823917673,37.5,750
primary,donor,0.7093803387417055,37.6,750
primary,donor,0.7098826416263179,37.7,750
primary,donor,0.7104220981325015,37.8,750
primary,donor,0.7107648000834523,37.9,750
primary,donor,0.7109011630779885,38.0,750
primary,donor,0.7110816744320394,38.1,750
primary,donor,0.7112514098245046,38.2,750
primary,donor,0.7119181984097401,38.3,750
primary,donor,0.7124655672920075,38.4,750
primary,donor,0.7132272416444434,38.5,750
primary,donor,0.7147019340426389,38.6,750
primary,donor,0.716433031165164,38.7,750
primary,donor,0.7177622072110342,38.8,750
primary,donor,0.7190407676373513,38.9,750
primary,donor,0.7198886671897538,39.0,750
primary,donor,0.720760673702991,39.1,750
primary,donor,0.721101391153379,39.2,750
primary,donor,0.7213034925156433,39.3,750
primary,donor,0.7213911299789508,39.4,750
primary,donor,0.7215363207965588,39.5,750
primary,donor,0.7217669901672946,39.6,750
primary,donor,0.7220447649436914,39.7,750
primary,donor,0.7222118279896167,39.8,750
primary,donor,0.7223410613669082,39.9,750
primary,donor,0.7225187128457138,40.0,750
primary,donor,0.7226614073239077,40.1,750
primary,donor,0.7227991589736606,40.2,750
primary,donor,0.722861621020246,40.3,750
primary,donor,0.7231054045837373,40.4,750
primary,donor,0.7237107140985931,40.5,750
primary,donor,0.7239269705238072,40.6,750
primary,donor,0.7241952934502524,40.7,750
primary,donor,0.7247632341207062,40.8,750
primary,donor,0.725650427514412,40.9,750
primary,donor,0.7259855996168274,41.0,750
primary,donor,0.7262232221707906,41.1,750
primary,donor,0.7266041822592736,41.2,750
primary,donor,0.7273730079433004,41.3,750
primary,donor,0.7275877030345935,41.4,750
primary,donor,0.7278427873215083,41.5,750
primary,donor,0.7280240307168403,41.6,750
primary,donor,0.7284979890358187,41.7,750
primary,donor,0.7286474660527771,41.8,750
primary,donor,0.7287943822042283,41.9,750
primary,donor,0.7289312791081872,42.0,750
primary,donor,0.7291342851163254,42.1,750
primary,donor,0.729863898058662,42.2,750
primary,donor,0.7301306644259863,42.3,750
primary,donor,0.7304460332721608,42.4,750
primary,donor,0.7309354019324472,42.5,750
primary,donor,0.731191061475062,42.6,750
primary,donor,0.7314018562810704,42.7,750
primary,donor,0.731758267972467,42.8,750
primary,donor,0.7322113133261859,42.9,750
primary,donor,0.7325599026047648,43.0,750
primary,donor,0.7329976192477948,43.1,750
primary,donor,0.7331865039053036,43.2,750
primary,donor,0.7333215442823046,43.3,750
primary,donor,0.7335318351629774,43.4,750
primary,donor,0.7338946254744843,43.5,750
primary,donor,0.7344454059204497,43.6,750
primary,donor,0.7346085983754371,43.7,750
primary,donor,0.7349574947733929,43.8,750
primary,donor,0.7360669965764455,43.9,750
primary,donor,0.7365871211867456,44.0,750
primary,donor,0.7368694237222523,44.1,750
primary,donor,0.7370444182291,44.2,750
primary,donor,0.7371360813023619,44.3,750
primary,donor,0.7371736766744627,44.4,750
primary,donor,0.7372545130981065,44.5,750
primary,donor,0.7373270435858431,44.6,750
primary,donor,0.737703220278897,44.7,750
primary,donor,0.7377352503038743,44.8,750
primary,donor,0.7378298150229933,44.9,750
primary,donor,0.7379576508984419,45.0,750
primary,donor,0.7381212200669822,45.1,750
primary,donor,0.7382946646115993,45.2,750
primary,donor,0.7390015156502335,45.3,750
primary,donor,0.7395228914447752,45.4,750
primary,donor,0.739705479910054,45.5,750
primary,donor,0.7399541253712114,45.6,750
primary,donor,0.7401904979733654,45.7,750
primary,donor,0.7403857559255881,45.8,750
primary,donor,0.7405336976572363,45.9,750
primary,donor,0.7406359388465087,46.0,750
primary,donor,0.7407434308205689,46.1,750
primary,donor,0.7408491606445753,46.2,750
primary,donor,0.7408885141248601,46.3,750
primary,donor,0.7410119438938398,46.4,750
primary,donor,0.7410900918822366,46.5,750
primary,donor,0.7413084814716371,46.6,750
primary,donor,0.7416631845068828,46.7,750
primary,donor,0.7422243492900535,46.8,750
primary,donor,0.7425721699822017,46.9,750
primary,donor,0.7427979377215265,47.0,750
primary,donor,0.7428908635869499,47.1,750
primary,donor,0.7429748472003459,47.2,750
primary,donor,0.7433705666217634,47.3,750
primary,donor,0.7434687594097049,47.4,750
primary,donor,0.7436702487692198,47.5,750
primary,donor,0.7440664365755671,47.6,750
primary,donor,0.7443287241144642,47.7,750
primary,donor,0.7443947355111453,47.8,750
primary,donor,0.7444562169075171,47.9,750
primary,donor,0.7446632741145087,48.0,750
primary,donor,0.7447303320720425,48.1,750
primary,donor,0.74491195119089,48.2,750
primary,donor,0.7451316758002704,48.3,750
primary,donor,0.7453094218650143,48.4,750
primary,donor,0.7453534494708232,48.5,750
primary,donor,0.745365992538451,48.6,750
primary,donor,0.7453718715290871,48.7,750
primary,donor,0.7454807114030915,48.8,750
primary,donor,0.7457467894561325,48.9,750
primary,donor,0.7460430217773406,49.0,750
primary,donor,0.746378846507499,49.1,750
primary,donor,0.7470770803021124,49.2,750
primary,donor,0.7481365191602394,49.3,750
primary,donor,0.7488116236291799,49.4,750
primary,donor,0.7491484215992406,49.5,750
primary,donor,0.749477521573514,49.6,750
primary,donor,0.7496985389363052,49.7,750
primary,donor,0.7498240631286553,49.8,750
primary,donor,0.7501418071301783,49.9,750
primary,donor,0.7503254327501564,50.0,750
primary,donor,0.7503805218759588,50.1,750
primary,donor,0.7504047173080429,50.2,750
primary,donor,0.750488816201836,50.3,750
primary,donor,0.7505434712043757,50.4,750
primary,donor,0.7505939781299927,50.5,750
primary,donor,0.7507546902125207,50.6,750
primary,donor,0.7509239759157779,50.7,750
primary,donor,0.7512047928926637,50.8,750
primary,donor,0.7512511211069522,50.9,750
primary,donor,0.7513751001745024,51.0,750
primary,donor,0.751451372316484,51.1,750
primary,donor,0.7515727873218375,51.2,750
primary,donor,0.7522830957039416,51.3,750
primary,donor,0.7531221776474464,51.4,750
primary,donor,0.7539478231689972,51.5,750
primary,donor,0.7545171673486091,51.6,750
primary,donor,0.755134577750909,51.7,750
primary,donor,0.7556780802418366,51.8,750
primary,donor,0.7558277504849966,51.9,750
primary,donor,0.7562439048150312,52.0,750
primary,donor,0.756648848423803,52.1,750
primary,donor,0.756870457119316,52.2,750
primary,donor,0.7570422939432309,52.3,750
primary,donor,0.7572337010108373,52.4,750
primary,donor,0.7574256565016045,52.5,750
primary,donor,0.7576620956250693,52.6,750
primary,donor,0.7577992831333409,52.7,750
primary,donor,0.757841655887985,52.8,750
primary,donor,0.7580008207149549,52.9,750
primary,donor,0.7581613050502161,53.0,750
primary,donor,0.7582835341130135,53.1,750
primary,donor,0.7585178876586106,53.2,750
primary,donor,0.7587665807838774,53.3,750
primary,donor,0.7588064277846078,53.4,750
primary,donor,0.7588527751893185,53.5,750
primary,donor,0.7588910465174238,53.6,750
primary,donor,0.7598747303037268,53.7,750
primary,donor,0.76071486076759,53.8,750
primary,donor,0.7611332890820465,53.9,750
primary,donor,0.7612524533412206,54.0,750
primary,donor,0.761423746201536,54.1,750
primary,donor,0.7615285549172096,54.2,750
primary,donor,0.7616063303283019,54.3,750
primary,donor,0.7617559022510243,54.4,750
primary,donor,0.7620353989559436,54.5,750
primary,donor,0.7622993574233256,54.6,750
primary,donor,0.7625524443075413,54.7,750
primary,donor,0.762939285940949,54.8,750
primary,donor,0.7631898361902633,54.9,750
primary,donor,0.7634845109744303,55.0,750
primary,donor,0.763535073494447,55.1,750
primary,donor,0.763844593494176,55.2,750
primary,donor,0.7639005240490229,55.3,750
primary,donor,0.764118451575549,55.4,750
primary,donor,0.7643573822392025,55.5,750
primary,donor,0.7647088455944344,55.6,750
primary,donor,0.7649389739167939,55.7,750
primary,donor,0.7651463909585431,55.8,750
primary,donor,0.7653694599928518,55.9,750
primary,donor,0.7654644749940348,56.0,750
primary,donor,0.7655619205467805,56.1,750
primary,donor,0.7656798676859716,56.2,750
primary,donor,0.7657679394017933,56.3,750
primary,donor,0.765922769004113,56.4,750
primary,donor,0.7660129970750599,56.5,750
primary,donor,0.766366829850919,56.6,750
primary,donor,0.7667482885398318,56.7,750
primary,donor,0.7669519420031374,56.8,750
primary,donor,0.7670170450836945,56.9,750
primary,donor,0.7671006827539518,57.0,750
primary,donor,0.7675329104579457,57.1,750
primary,donor,0.7675715746272396,57.2,750
primary,donor,0.7675757445922992,57.3,750
primary,donor,0.7676464250614462,57.4,750
primary,donor,0.7677669933733156,57.5,750
primary,donor,0.7677767659163252,57.6,750
primary,donor,0.7677835475456282,57.7,750
primary,donor,0.7677854872723767,57.8,750
primary,donor,0.7677952177958878,57.9,750
primary,donor,0.7678085447713638,58.0,750
primary,donor,0.7679694708016683,58.1,750
primary,donor,0.7680106063219335,58.2,750
primary,donor,0.7680369387216082,58.3,750
primary,donor,0.7680633190118833,58.4,750
primary,donor,0.7680772658449109,58.5,750
primary,donor,0.7680842252601475,58.6,750
primary,donor,0.7681662150170333,58.7,750
primary,donor,0.7682545804810066,58.8,750
primary,donor,0.7683501879348883,58.9,750
primary,donor,0.7684593678776763,59.0,750
primary,donor,0.7685669169860517,59.1,750
primary,donor,0.7686462503829291,59.2,750
primary,donor,0.768687355856761,59.3,750
primary,donor,0.7687655024409126,59.4,750
primary,donor,0.7689783666719427,59.5,750
primary,donor,0.7691203308663411,59.6,750
primary,donor,0.7691216887708948,59.7,750
primary,donor,0.7691227382949211,59.8,750
primary,donor,0.7691388121187454,59.9,750
primary,donor,0.7691710426498054,60.0,750
primary,donor,0.7692916866095924,60.1,750
primary,donor,0.7693464117435719,60.2,750
primary,donor,0.7694051026878417,60.3,750
primary,donor,0.7694274364200573,60.4,750
primary,donor,0.769444433636653,60.5,750
primary,donor,0.7694481222029944,60.6,750
primary,donor,0.7694736816743147,60.7,750
primary,donor,0.7695074367175506,60.8,750
primary,donor,0.7695465452350765,60.9,750
primary,donor,0.7695680120956054,61.0,750
primary,donor,0.7698330101001487,61.1,750
primary,donor,0.77043603328889,61.2,750
primary,donor,0.7704879860810334,61.3,750
primary,donor,0.7705864682736941,61.4,750
primary,donor,0.7713691146101453,61.5,750
primary,donor,0.7718722925236977,61.6,750
primary,donor,0.7723830048986635,61.7,750
primary,donor,0.772837203469679,61.8,750
primary,donor,0.7738835877439932,61.9,750
primary,donor,0.7746531565657521,62.0,750
primary,donor,0.7749230641708772,62.1,750
primary,donor,0.7750796553835925,62.2,750
primary,donor,0.7751013667988734,62.3,750
primary,donor,0.7752436642688255,62.4,750
primary,donor,0.7754107894716319,62.5,750
primary,donor,0.7754638803943165,62.6,750
primary,donor,0.7757090715183427,62.7,750
primary,donor,0.7759966938978562,62.8,750
primary,donor,0.7761234313314328,62.9,750
primary,donor,0.7762112922262164,63.0,750
primary,donor,0.7762844529543584,63.1,750
primary,donor,0.7766838798324475,63.2,750
primary,donor,0.7768138791043395,63.3,750
primary,donor,0.7769015758718397,63.4,750
primary,donor,0.7769638335819746,63.5,750
primary,donor,0.776981191218045,63.6,750
primary,donor,0.7769879382105447,63.7,750
primary,donor,0.77699751178873,63.8,750
primary,donor,0.7770896343542603,63.9,750
primary,donor,0.7770992564056073,64.0,750
primary,donor,0.7771017695868883,64.1,750
primary,donor,0.7771150498815895,64.2,750
primary,donor,0.7771167910898001,64.3,750
primary,donor,0.7771340314402398,64.4,750
primary,donor,0.7771396461171101,64.5,750
primary,donor,0.7771674732606253,64.6,750
primary,donor,0.7771869447863594,64.7,750
primary,donor,0.7772148076273372,64.8,750
primary,donor,0.7773525389469977,64.9,750
primary,donor,0.7774698407029974,65.0,750
primary,donor,0.7776401783162536,65.1,750
primary,donor,0.7777139444892588,65.2,750
primary,donor,0.7778601189903038,65.3,750
primary,donor,0.7780102090752058,65.4,750
primary,donor,0.7784440473094559,65.5,750
primary,donor,0.7784867382282236,65.6,750
primary,donor,0.7785028494227136,65.7,750
primary,donor,0.7785201622402131,65.8,750
primary,donor,0.7785481498879883,65.9,750
primary,donor,0.7785699120176136,66.0,750
primary,donor,0.7786716078500164,66.1,750
primary,donor,0.7788626003039771,66.2,750
primary,donor,0.7788939104163167,66.3,750
primary,donor,0.7791418603711052,66.4,750
primary,donor,0.7796860561139958,66.5,750
primary,donor,0.7801521180913741,66.6,750
primary,donor,0.7803236757824149,66.7,750
primary,donor,0.7803660657652648,66.8,750
primary,donor,0.7803973833031077,66.9,750
primary,donor,0.7803985595377304,67.0,750
primary,donor,0.7804044125439716,67.1,750
primary,donor,0.78048828299275,67.2,750
primary,donor,0.7807123596042788,67.3,750
primary,donor,0.7808380285972528,67.4,750
primary,donor,0.7808783368956529,67.5,750
primary,donor,0.7808800538917163,67.6,750
primary,donor,0.7808882858747909,67.7,750
primary,donor,0.7809440816973229,67.8,750
primary,donor,0.780971690880202,67.9,750
primary,donor,0.7809983165766509,68.0,750
primary,donor,0.7810305246252051,68.1,750
primary,donor,0.7810582092060037,68.2,750
primary,donor,0.7810719426125015,68.3,750
primary,donor,0.7810750735086806,68.4,750
primary,donor,0.7810957489877687,68.5,750
primary,donor,0.7811296812905668,68.6,750
primary,donor,0.7811343749464201,68.7,750
primary,donor,0.781138869584949,68.8,750
primary,donor,0.781138869584949,68.9,750
primary,donor,0.781138869584949,69.0,750
primary,donor,0.7811550999280191,69.1,750
primary,donor,0.7811832660758113,69.2,750
primary,donor,0.7812659811881175,69.3,750
primary,donor,0.7813436852875973,69.4,750
primary,donor,0.7814424070584362,69.5,750
primary,donor,0.7816550610743839,69.6,750
primary,donor,0.7817978487486545,69.7,750
primary,donor,0.7819165076153392,69.8,750
primary,donor,0.7819518264960116,69.9,750
primary,donor,0.7819528170345827,70.0,750
primary,donor,0.7820337040611864,70.1,750
primary,donor,0.7821001169631063,70.2,750
primary,donor,0.7821281967674523,70.3,750
primary,donor,0.7821603815532222,70.4,750
primary,donor,0.7824296406003933,70.5,750
primary,donor,0.7825739974340613,70.6,750
primary,donor,0.7828450728048644,70.7,750
primary,donor,0.7830486547412576,70.8,750
primary,donor,0.7831523730228629,70.9,750
primary,donor,0.7831762741821934,71.0,750
primary,donor,0.7832327513268723,71.1,750
primary,donor,0.7833125963259839,71.2,750
primary,donor,0.7838452678497257,71.3,750
primary,donor,0.7843001913899691,71.4,750
primary,donor,0.7846690980037875,71.5,750
primary,donor,0.7848585118737639,71.6,750
primary,donor,0.7850452458693215,71.7,750
primary,donor,0.7852966531033679,71.8,750
primary,donor,0.7853682413210011,71.9,750
primary,donor,0.7854440981489961,72.0,750
primary,donor,0.7855000774738911,72.1,750
primary,donor,0.7857303490767288,72.2,750
primary,donor,0.7858897045534479,72.3,750
primary,donor,0.7858960052862567,72.4,750
primary,donor,0.7858991977673129,72.5,750
primary,donor,0.7859039720532894,72.6,750
primary,donor,0.7861041357724118,72.7,750
primary,donor,0.7861978971661273,72.8,750
primary,donor,0.7862531507973245,72.9,750
primary,donor,0.7862814091751847,73.0,750
primary,donor,0.7862993399079378,73.1,750
primary,donor,0.7863027432528761,73.2,750
primary,donor,0.78640837756982,73.3,750
primary,donor,0.7865248112918722,73.4,750
primary,donor,0.7867811509465671,73.5,750
primary,donor,0.7868881101032147,73.6,750
primary,donor,0.7869708410697701,73.7,750
primary,donor,0.787106832144877,73.8,750
primary,donor,0.7872763513157574,73.9,750
primary,donor,0.7873435575937235,74.0,750
primary,donor,0.7873857064143165,74.1,750
primary,donor,0.7874360112667376,74.2,750
primary,donor,0.7874821889115086,74.3,750
primary,donor,0.7875037503731552,74.4,750
primary,donor,0.7875154989677825,74.5,750
primary,donor,0.7875330733031797,74.6,750
primary,donor,0.7876036807194768,74.7,750
primary,donor,0.7877099943390182,74.8,750
primary,donor,0.7879586310129617,74.9,750
primary,donor,0.7885550883810784,75.0,750
primary,donor,0.7887178903910915,75.1,750
primary,donor,0.7888317493717978,75.2,750
primary,donor,0.7889151971970417,75.3,750
primary,donor,0.788962762817153,75.4,750
primary,donor,0.7890390286258956,75.5,750
primary,donor,0.7890652322828339,75.6,750
primary,donor,0.7890855873765654,75.7,750
primary,donor,0.7891092527750211,75.8,750
primary,donor,0.789136639331989,75.9,750
primary,donor,0.7892978246737006,76.0,750
primary,donor,0.7893944319236389,76.1,750
primary,donor,0.7894816787917862,76.2,750
primary,donor,0.7896092835558248,76.3,750
primary,donor,0.7896146255346478,76.4,750
primary,donor,0.789692248271762,76.5,750
primary,donor,0.7903388355100235,76.6,750
primary,donor,0.7908853112093015,76.7,750
primary,donor,0.7911593777007153,76.8,750
primary,donor,0.7914306728914974,76.9,750
primary,donor,0.7916276059276675,77.0,750
primary,donor,0.7917184853257535,77.1,750
primary,donor,0.791808676835,77.2,750
primary,donor,0.7921969327684405,77.3,750
primary,donor,0.7926476768760051,77.4,750
primary,donor,0.7929723424238521,77.5,750
primary,donor,0.7932315184061005,77.6,750
primary,donor,0.7934762037702531,77.7,750
primary,donor,0.7939413241037033,77.8,750
primary,donor,0.79431381935228,77.9,750
primary,donor,0.794395301185427,78.0,750
primary,donor,0.7945637839566189,78.1,750
primary,donor,0.7946381538204644,78.2,750
primary,donor,0.7946954415135113,78.3,750
primary,donor,0.794700846480887,78.4,750
primary,donor,0.7947012867015134,78.5,750
primary,donor,0.794718450704495,78.6,750
primary,donor,0.7947197972320658,78.7,750
primary,donor,0.7947209718851247,78.8,750
primary,donor,0.7947244202046898,78.9,750
primary,donor,0.7947314505094681,79.0,750
primary,donor,0.7947329721391732,79.1,750
primary,donor,0.7947373163467112,79.2,750
primary,donor,0.7947403212358054,79.3,750
primary,donor,0.7950283915226215,79.4,750
primary,donor,0.7954254326844513,79.5,750
primary,donor,0.7955260536234997,79.6,750
primary,donor,0.7955281240291266,79.7,750
primary,donor,0.7955518432828067,79.8,750
primary,donor,0.7956341426118121,79.9,750
primary,donor,0.7957040734464499,80.0,750
primary,donor,0.7957327842457042,80.1,750
primary,donor,0.7957327842457042,80.2,750
primary,donor,0.795733102959582,80.3,750
primary,donor,0.7957334811919211,80.4,750
primary,donor,0.7958634523276339,80.5,750
primary,donor,0.795894526353761,80.6,750
primary,donor,0.7959540047933537,80.7,750
primary,donor,0.7960744899943817,80.8,750
primary,donor,0.7962035434211416,80.9,750
primary,donor,0.7962358610060737,81.0,750
primary,donor,0.7962496442183584,81.1,750
primary,donor,0.7963455569335659,81.2,750
primary,donor,0.7967947639067879,81.3,750
primary,donor,0.797051982191005,81.4,750
primary,donor,0.7975750743619117,81.5,750
primary,donor,0.7979673244901515,81.6,750
primary,donor,0.798256950871206,81.7,750
primary,donor,0.7986644737711217,81.8,750
primary,donor,0.7991980825131819,81.9,750
primary,donor,0.7996012591099801,82.0,750
primary,donor,0.7996738498942897,82.1,750
primary,donor,0.7998089609444015,82.2,750
primary,donor,0.7998623056899079,82.3,750
primary,donor,0.7998758063617455,82.4,750
primary,donor,0.7998779691385521,82.5,750
primary,donor,0.7998794801120517,82.6,750
primary,donor,0.799880676104869,82.7,750
primary,donor,0.7998844032978865,82.8,750
primary,donor,0.7998857667098227,82.9,750
primary,donor,0.7998871849411956,83.0,750
primary,donor,0.7999033373671283,83.1,750
primary,donor,0.7999275465718115,83.2,750
primary,donor,0.7999424799053529,83.3,750
primary,donor,0.7999553006637575,83.4,750
primary,donor,0.7999621786710609,83.5,750
primary,donor,0.7999746545142518,83.6,750
primary,donor,0.7999796073952411,83.7,750
primary,donor,0.7999914806366628,83.8,750
primary,donor,0.8000044545505085,83.9,750
primary,donor,0.8000176935373059,84.0,750
primary,donor,0.8000291784726534,84.1,750
primary,donor,0.8000312416729977,84.2,750
primary,donor,0.8000312416729977,84.3,750
primary,donor,0.8000357710916196,84.4,750
primary,donor,0.8000435669657826,84.5,750
primary,donor,0.8000547069433639,84.6,750
primary,donor,0.8000606650512924,84.7,750
primary,donor,0.8000677221936416,84.8,750
primary,donor,0.8000703769582522,84.9,750
primary,donor,0.8001161144243483,85.0,750
primary,donor,0.8001161144243483,85.1,750
primary,donor,0.8001832201861849,85.2,750
primary,donor,0.8002962683273503,85.3,750
primary,donor,0.8004222783841215,85.4,750
primary,donor,0.8005417082525702,85.5,750
primary,donor,0.8006471472622722,85.6,750
primary,donor,0.8008766588289405,85.7,750
primary,donor,0.8009965018556673,85.8,750
primary,donor,0.801087643939047,85.9,750
primary,donor,0.8011324060502213,86.0,750
primary,donor,0.8012012127507033,86.1,750
primary,donor,0.8012965942283022,86.2,750
primary,donor,0.8013264696245561,86.3,750
primary,donor,0.8013486195811191,86.4,750
primary,donor,0.8013639155093218,86.5,750
primary,donor,0.8014261845336412,86.6,750
primary,donor,0.8014632284785962,86.7,750
primary,donor,0.801492286523955,86.8,750
primary,donor,0.8015160032245938,86.9,750
primary,donor,0.8015305625356692,87.0,750
primary,donor,0.8015399426139375,87.1,750
primary,donor,0.8016557810694198,87.2,750
primary,donor,0.8016913478074643,87.3,750
primary,donor,0.8017136442820484,87.4,750
primary,donor,0.8017293351953333,87.5,750
primary,donor,0.8017378023558293,87.6,750
primary,donor,0.8017574654707393,87.7,750
primary,donor,0.8017989712689112,87.8,750
primary,donor,0.8018297236265507,87.9,750
primary,donor,0.8018308231057955,88.0,750
primary,donor,0.8018602873731655,88.1,750
primary,donor,0.8018649829512569,88.2,750
primary,donor,0.8018877465341628,88.3,750
primary,donor,0.8018989863587808,88.4,750
primary,donor,0.8019944351425867,88.5,750
primary,donor,0.8020674344756616,88.6,750
primary,donor,0.8021083145509222,88.7,750
primary,donor,0.8021416617620979,88.8,750
primary,donor,0.8021427933512844,88.9,750
primary,donor,0.802151056345637,89.0,750
primary,donor,0.8022945795799113,89.1,750
primary,donor,0.8023952230623438,89.2,750
primary,donor,0.8023965539537757,89.3,750
primary,donor,0.8023971675326538,89.4,750
primary,donor,0.8024031518612966,89.5,750
primary,donor,0.8024108069252684,89.6,750
primary,donor,0.8024133643838653,89.7,750
primary,donor,0.8024484528862411,89.8,750
primary,donor,0.8025248618830017,89.9,750
primary,donor,0.8026589302510181,90.0,750
primary,donor,0.8026726184116,90.1,750
primary,donor,0.8026888466364183,90.2,750
primary,donor,0.8027053128598765,90.3,750
primary,donor,0.8027293745766022,90.4,750
primary,donor,0.8027548607845056,90.5,750
primary,donor,0.8028855598580775,90.6,750
primary,donor,0.8029967055623917,90.7,750
primary,donor,0.803048495315845,90.8,750
primary,donor,0.8032469083128656,90.9,750
primary,donor,0.8036225140188484,91.0,750
primary,donor,0.8037915713851262,91.1,750
primary,donor,0.8039002864011745,91.2,750
primary,donor,0.8039473930808262,91.3,750
primary,donor,0.8039737307822378,91.4,750
primary,donor,0.803994359988807,91.5,750
primary,donor,0.8040259313479747,91.6,750
primary,donor,0.8040892034044946,91.7,750
primary,donor,0.8044542326614597,91.8,750
primary,donor,0.8045547927797805,91.9,750
primary,donor,0.8045824461977913,92.0,750
primary,donor,0.8045959130323639,92.1,750
primary,donor,0.8046456892686853,92.2,750
primary,donor,0.8046763027200434,92.3,750
primary,donor,0.804734763389494,92.4,750
primary,donor,0.8048225555457688,92.5,750
primary,donor,0.8048789755372322,92.6,750
primary,donor,0.8049172483348759,92.7,750
primary,donor,0.8049941056179395,92.8,750
primary,donor,0.8050970128997943,92.9,750
primary,donor,0.8051338362526795,93.0,750
primary,donor,0.8052217044827457,93.1,750
primary,donor,0.8052951549906724,93.2,750
primary,donor,0.8056214915819239,93.3,750
primary,donor,0.8057159064553454,93.4,750
primary,donor,0.8057520304322662,93.5,750
primary,donor,0.8058096807714642,93.6,750
primary,donor,0.8058702397800172,93.7,750
primary,donor,0.8059296591125397,93.8,750
primary,donor,0.805968597001327,93.9,750
primary,donor,0.8059934617318795,94.0,750
primary,donor,0.8060771035152705,94.1,750
primary,donor,0.8062375113117491,94.2,750
primary,donor,0.8064278906335883,94.3,750
primary,donor,0.8064426574317637,94.4,750
primary,donor,0.8064707823118321,94.5,750
primary,donor,0.8065325379602825,94.6,750
primary,donor,0.80656126012486,94.7,750
primary,donor,0.8066029698315289,94.8,750
primary,donor,0.8066195492810696,94.9,750
primary,donor,0.8066501503980612,95.0,750
primary,donor,0.8066688318282772,95.1,750
primary,donor,0.806722900692423,95.2,750
primary,donor,0.8067532666131468,95.3,750
primary,donor,0.8069879478586068,95.4,750
primary,donor,0.8070366062501139,95.5,750
primary,donor,0.8070577435189653,95.6,750
primary,donor,0.8071342188553589,95.7,750
primary,donor,0.8072384763642579,95.8,750
primary,donor,0.807278908095767,95.9,750
primary,donor,0.807356476560641,96.0,750
primary,donor,0.8074960892402354,96.1,750
primary,donor,0.8075668125817391,96.2,750
primary,donor,0.8076380326471756,96.3,750
primary,donor,0.8077905585111795,96.4,750
primary,donor,0.8078991890302333,96.5,750
primary,donor,0.8079036235846602,96.6,750
primary,donor,0.8079188792713706,96.7,750
primary,donor,0.8079436341810574,96.8,750
primary,donor,0.8079747837559075,96.9,750
primary,donor,0.8080049149333345,97.0,750
primary,donor,0.8080150177896236,97.1,750
primary,donor,0.8080324262131737,97.2,750
primary,donor,0.8080606669491124,97.3,750
primary,donor,0.8080995964108745,97.4,750
primary,donor,0.8081381785203827,97.5,750
primary,donor,0.8081609281822076,97.6,750
primary,donor,0.8081709447138886,97.7,750
primary,donor,0.808218975666621,97.8,750
primary,donor,0.808263473593322,97.9,750
primary,donor,0.8084555697178722,98.0,750
primary,donor,0.8086551115486299,98.1,750
primary,donor,0.8088123866355624,98.2,750
primary,donor,0.8092738180053467,98.3,750
primary,donor,0.8098418200860302,98.4,750
primary,donor,0.8103371295813105,98.5,750
primary,donor,0.8107472322918844,98.6,750
primary,donor,0.8111581241678211,98.7,750
primary,donor,0.8114274820515559,98.8,750
primary,donor,0.8117259639521761,98.9,750
primary,donor,0.8119975299020938,99.0,750
primary,donor,0.8121264764584358,99.1,750
primary,donor,0.812241491216691,99.2,750
primary,donor,0.8124423775736401,99.3,750
primary,donor,0.8125084721361755,99.4,750
primary,donor,0.8125971589767345,99.5,750
primary,donor,0.8127031467542881,99.6,750
primary,donor,0.8132643822480042,99.7,750
primary,donor,0.8135482618926526,99.8,750
primary,donor,0.8137563473340947,99.9,750
primary,donor,0.8139420665698556,100.0,750
primary,donor,0.8140372236607804,100.1,750
primary,donor,0.8140900895982671,100.2,750
primary,donor,0.8141483207560288,100.3,750
primary,donor,0.8141996855192671,100.4,750
primary,donor,0.8142402619029553,100.5,750
primary,donor,0.8143288495018876,100.6,750
primary,donor,0.8144033435937601,100.7,750
primary,donor,0.8145151679183454,100.8,750
primary,donor,0.8146385076413263,100.9,750
primary,donor,0.8147306640631224,101.0,750
primary,donor,0.8148115762190191,101.1,750
primary,donor,0.8148782925876931,101.2,750
primary,donor,0.8149412358438731,101.3,750
primary,donor,0.814986450608639,101.4,750
primary,donor,0.8150555162331955,101.5,750
primary,donor,0.815129455183158,101.6,750
primary,donor,0.815556435960967,101.7,750
primary,donor,0.8159900677919832,101.8,750
primary,donor,0.8160512813958665,101.9,750
primary,donor,0.81614435134087,102.0,750
primary,donor,0.8162536029462414,102.1,750
primary,donor,0.8162635280320499,102.2,750
primary,donor,0.8162756191101341,102.3,750
primary,donor,0.8162813774967416,102.4,750
primary,donor,0.816288896471982,102.5,750
primary,donor,0.8162896240270562,102.6,750
primary,donor,0.8162914590009297,102.7,750
primary,donor,0.8162933636732806,102.8,750
primary,donor,0.8162962882981406,102.9,750
primary,donor,0.816296754659831,103.0,750
primary,donor,0.8162974300064179,103.1,750
primary,donor,0.8163035520364897,103.2,750
primary,donor,0.8163056133775962,103.3,750
primary,donor,0.8163059019577569,103.4,750
primary,donor,0.8163060187698237,103.5,750
primary,donor,0.8163063029066133,103.6,750
primary,donor,0.8163077695604297,103.7,750
primary,donor,0.8163162060326442,103.8,750
primary,donor,0.8163162060326442,103.9,750
primary,donor,0.816316655720572,104.0,750
primary,donor,0.816316655720572,104.1,750
primary,donor,0.8163188704614232,104.2,750
primary,donor,0.8163188704614232,104.3,750
primary,donor,0.8163188704614232,104.4,750
primary,donor,0.8163421748655699,104.5,750
primary,donor,0.8163536938026534,104.6,750
primary,donor,0.8163564359323119,104.7,750
primary,donor,0.8163576813577401,104.8,750
primary,donor,0.8163638099350367,104.9,750
primary,donor,0.8163695758364117,105.0,750
primary,donor,0.8165574473088625,105.1,750
primary,donor,0.8167493633902004,105.2,750
primary,donor,0.8167756457641867,105.3,750
primary,donor,0.8167860928072134,105.4,750
primary,donor,0.8167887932120679,105.5,750
primary,donor,0.8168014573874599,105.6,750
primary,donor,0.8169179350153298,105.7,750
primary,donor,0.8169247394585006,105.8,750
primary,donor,0.8169594290605512,105.9,750
primary,donor,0.8169661549759627,106.0,750
primary,donor,0.8169832877988686,106.1,750
primary,donor,0.8170042282400434,106.2,750
primary,donor,0.8170256748296806,106.3,750
primary,donor,0.8170415685084005,106.4,750
primary,donor,0.8170574504489025,106.5,750
primary,donor,0.8170574504489025,106.6,750
primary,donor,0.8170574504489025,106.7,750
primary,donor,0.8170574504489025,106.8,750
primary,donor,0.8170574504489025,106.9,750
primary,donor,0.8170574504489025,107.0,750
primary,donor,0.8170574504489025,107.1,750
primary,donor,0.8170574504489025,107.2,750
primary,donor,0.8170574504489025,107.3,750
primary,donor,0.8170574504489025,107.4,750
primary,donor,0.8170580441764812,107.5,750
primary,donor,0.8170580441764812,107.6,750
primary,donor,0.817082998821035,107.7,750
primary,donor,0.8170860944237099,107.8,750
primary,donor,0.8170919619539567,107.9,750
primary,donor,0.8171091809976601,108.0,750
primary,donor,0.8171091809976601,108.1,750
primary,donor,0.8171091809976601,108.2,750
primary,donor,0.8171106008742981,108.3,750
primary,donor,0.8171108026791403,108.4,750
primary,donor,0.8171108026791403,108.5,750
primary,donor,0.8171110819880466,108.6,750
primary,donor,0.8171110819880466,108.7,750
primary,donor,0.8171110819880466,108.8,750
primary,donor,0.8171113393536473,108.9,750
primary,donor,0.8171163619269958,109.0,750
primary,donor,0.8171659347031166,109.1,750
primary,donor,0.8171715688040442,109.2,750
primary,donor,0.8171715688040442,109.3,750
primary,donor,0.8171727193988363,109.4,750
primary,donor,0.8171867594719165,109.5,750
primary,donor,0.8171916060538543,109.6,750
primary,donor,0.817204257983652,109.7,750
primary,donor,0.8172842714343563,109.8,750
primary,donor,0.8174394274618364,109.9,750
primary,donor,0.8176910102854507,110.0,750
primary,donor,0.8177213179570271,110.1,750
primary,donor,0.817750361142919,110.2,750
primary,donor,0.8177627335016131,110.3,750
primary,donor,0.8177924971712867,110.4,750
primary,donor,0.817836295709491,110.5,750
primary,donor,0.817846427036869,110.6,750
primary,donor,0.8180403066689627,110.7,750
primary,donor,0.8182244729350479,110.8,750
primary,donor,0.8182781413497495,110.9,750
primary,donor,0.8182932725413112,111.0,750
primary,donor,0.8183187514576294,111.1,750
primary,donor,0.8183400192036812,111.2,750
primary,donor,0.8184409538230122,111.3,750
primary,donor,0.8185102391164134,111.4,750
primary,donor,0.8185492464510272,111.5,750
primary,donor,0.8185492464510272,111.6,750
primary,donor,0.8185943776682785,111.7,750
primary,donor,0.8186707279565772,111.8,750
primary,donor,0.8186848323807969,111.9,750
primary,donor,0.8186848323807969,112.0,750
primary,donor,0.8186896847871244,112.1,750
primary,donor,0.8186896847871244,112.2,750
primary,donor,0.8186911939062768,112.3,750
primary,donor,0.8186911939062768,112.4,750
primary,donor,0.8187085279074615,112.5,750
primary,donor,0.8187256228466132,112.6,750
primary,donor,0.8188839459626268,112.7,750
primary,donor,0.8189185061449,112.8,750
primary,donor,0.8189185061449,112.9,750
primary,donor,0.8189185061449,113.0,750
primary,donor,0.818921885167483,113.1,750
primary,donor,0.8189403218540366,113.2,750
primary,donor,0.818953093172009,113.3,750
primary,donor,0.8189601816482242,113.4,750
primary,donor,0.8189683571283228,113.5,750
primary,donor,0.8189688323932194,113.6,750
primary,donor,0.8189999801294051,113.7,750
primary,donor,0.8190043782048435,113.8,750
primary,donor,0.8190043782048435,113.9,750
primary,donor,0.8190043782048435,114.0,750
primary,donor,0.8190059884599783,114.1,750
primary,donor,0.8190100928470648,114.2,750
primary,donor,0.8190193813313379,114.3,750
primary,donor,0.8190193813313379,114.4,750
primary,donor,0.8190207216998266,114.5,750
primary,donor,0.8190207216998266,114.6,750
primary,donor,0.8190207216998266,114.7,750
primary,donor,0.8190207216998266,114.8,750
primary,donor,0.8190215488212833,114.9,750
primary,donor,0.8190600030486556,115.0,750
primary,donor,0.8190600030486556,115.1,750
primary,donor,0.8190705521247816,115.2,750
primary,donor,0.8191041516407516,115.3,750
primary,donor,0.8191622388886317,115.4,750
primary,donor,0.8191880269972593,115.5,750
primary,donor,0.8191987149905674,115.6,750
primary,donor,0.8192021889545896,115.7,750
primary,donor,0.8192045262542329,115.8,750
primary,donor,0.8192045262542329,115.9,750
primary,donor,0.8192045262542329,116.0,750
primary,donor,0.8192158779758008,116.1,750
primary,donor,0.819295208895845,116.2,750
primary,donor,0.8192966110452974,116.3,750
primary,donor,0.8192966110452974,116.4,750
primary,donor,0.8193013373266408,116.5,750
primary,donor,0.8193013373266408,116.6,750
primary,donor,0.8193079029307048,116.7,750
primary,donor,0.8193509532473718,116.8,750
primary,donor,0.8193939953043266,116.9,750
primary,donor,0.8194250338578698,117.0,750
primary,donor,0.8194473448767094,117.1,750
primary,donor,0.8194713853011862,117.2,750
primary,donor,0.8194741774819784,117.3,750
primary,donor,0.8195213300742927,117.4,750
primary,donor,0.8196784457238638,117.5,750
primary,donor,0.819712264879788,117.6,750
primary,donor,0.8197141372065553,117.7,750
primary,donor,0.8197229578870839,117.8,750
primary,donor,0.8197322884293601,117.9,750
primary,donor,0.8197586862242523,118.0,750
primary,donor,0.8197645682672582,118.1,750
primary,donor,0.8197645682672582,118.2,750
primary,donor,0.8197656537966311,118.3,750
primary,donor,0.8197690465826518,118.4,750
primary,donor,0.8197763879159153,118.5,750
primary,donor,0.8197790152753597,118.6,750
primary,donor,0.8197884403089082,118.7,750
primary,donor,0.819848624672657,118.8,750
primary,donor,0.819848624672657,118.9,750
primary,donor,0.8199292117765774,119.0,750
primary,donor,0.8204294144115063,119.1,750
primary,donor,0.8204652258604951,119.2,750
primary,donor,0.8206875428451071,119.3,750
primary,donor,0.8206931507342944,119.4,750
primary,donor,0.8209396802521269,119.5,750
primary,donor,0.8209396802521269,119.6,750
primary,donor,0.8211525209502959,119.7,750
primary,donor,0.8219578076612929,119.8,750
primary,donor,0.8221408348200152,119.9,750
primary,donor,0.8221629986901217,120.0,750
primary,first_frame,0.05442588306690788,0.0,750
primary,first_frame,0.07359681108405879,0.1,750
primary,first_frame,0.0913018799405053,0.2,750
primary,first_frame,0.11171957436843095,0.3,750
primary,first_frame,0.12957753695091387,0.4,750
primary,first_frame,0.1434718971634855,0.5,750
primary,first_frame,0.15417588522433615,0.6,750
primary,first_frame,0.16139924244218287,0.7,750
primary,first_frame,0.16842341086300347,0.8,750
primary,first_frame,0.17349792603145386,0.9,750
primary,first_frame,0.17722320085315982,1.0,750
primary,first_frame,0.181172538518487,1.1,750
primary,first_frame,0.18485110930406173,1.2,750
primary,first_frame,0.18750144992011686,1.3,750
primary,first_frame,0.18977688855487457,1.4,750
primary,first_frame,0.19242352360875611,1.5,750
primary,first_frame,0.19558844945630507,1.6,750
primary,first_frame,0.19835468763145736,1.7,750
primary,first_frame,0.20238947181529326,1.8,750
primary,first_frame,0.205020250782877,1.9,750
primary,first_frame,0.20709711545889994,2.0,750
primary,first_frame,0.20881802853339237,2.1,750
primary,first_frame,0.2105072395055041,2.2,750
primary,first_frame,0.2119817826365696,2.3,750
primary,first_frame,0.21394806414375706,2.4,750
primary,first_frame,0.21541756608598192,2.5,750
primary,first_frame,0.2175083332551611,2.6,750
primary,first_frame,0.21914547406100068,2.7,750
primary,first_frame,0.22036137803423111,2.8,750
primary,first_frame,0.22145426123176995,2.9,750
primary,first_frame,0.22261278490820283,3.0,750
primary,first_frame,0.2235258674851076,3.1,750
primary,first_frame,0.22430411300396041,3.2,750
primary,first_frame,0.22504141136994044,3.3,750
primary,first_frame,0.22642929669441048,3.4,750
primary,first_frame,0.22718843806906583,3.5,750
primary,first_frame,0.22779980364640878,3.6,750
primary,first_frame,0.22846483029701173,3.7,750
primary,first_frame,0.22903679318669642,3.8,750
primary,first_frame,0.22946178417186816,3.9,750
primary,first_frame,0.22985791672380806,4.0,750
primary,first_frame,0.23025974385814943,4.1,750
primary,first_frame,0.2306269884655267,4.2,750
primary,first_frame,0.2308911623701506,4.3,750
primary,first_frame,0.23133580196069684,4.4,750
primary,first_frame,0.2322753576087047,4.5,750
primary,first_frame,0.23280223201363753,4.6,750
primary,first_frame,0.2335671222203436,4.7,750
primary,first_frame,0.23393692899094473,4.8,750
primary,first_frame,0.2348026849765321,4.9,750
primary,first_frame,0.23504259942492897,5.0,750
primary,first_frame,0.23598625363767092,5.1,750
primary,first_frame,0.2367123541493204,5.2,750
primary,first_frame,0.23725508353333763,5.3,750
primary,first_frame,0.23799067836999305,5.4,750
primary,first_frame,0.23844733262391316,5.5,750
primary,first_frame,0.2393940985395747,5.6,750
primary,first_frame,0.24022137156475554,5.7,750
primary,first_frame,0.24076517038638917,5.8,750
primary,first_frame,0.2409680446951847,5.9,750
primary,first_frame,0.24102441029432473,6.0,750
primary,first_frame,0.24111210870494634,6.1,750
primary,first_frame,0.24126936045036732,6.2,750
primary,first_frame,0.2416047896981973,6.3,750
primary,first_frame,0.24181389250566612,6.4,750
primary,first_frame,0.24189531658011396,6.5,750
primary,first_frame,0.24208861686687178,6.6,750
primary,first_frame,0.2422801395942163,6.7,750
primary,first_frame,0.2427114987608787,6.8,750
primary,first_frame,0.24286269923377135,6.9,750
primary,first_frame,0.24320081732518256,7.0,750
primary,first_frame,0.24350010429138808,7.1,750
primary,first_frame,0.24371787050219426,7.2,750
primary,first_frame,0.2438531200257093,7.3,750
primary,first_frame,0.2440028285146044,7.4,750
primary,first_frame,0.24417197535136506,7.5,750
primary,first_frame,0.24436476441567626,7.6,750
primary,first_frame,0.2444624135093782,7.7,750
primary,first_frame,0.24461410444943285,7.8,750
primary,first_frame,0.24532578423177348,7.9,750
primary,first_frame,0.24546674815356148,8.0,750
primary,first_frame,0.2457226466416835,8.1,750
primary,first_frame,0.24577213861207378,8.2,750
primary,first_frame,0.24586124742364535,8.3,750
primary,first_frame,0.24588180082383898,8.4,750
primary,first_frame,0.24595096653547666,8.5,750
primary,first_frame,0.24604663720266673,8.6,750
primary,first_frame,0.2460601975458413,8.7,750
primary,first_frame,0.24611601996374352,8.8,750
primary,first_frame,0.24612049771516872,8.9,750
primary,first_frame,0.2461328727851997,9.0,750
primary,first_frame,0.24624823132440443,9.1,750
primary,first_frame,0.24650210138399126,9.2,750
primary,first_frame,0.24651197985629064,9.3,750
primary,first_frame,0.2465180569537703,9.4,750
primary,first_frame,0.24652318210129465,9.5,750
primary,first_frame,0.2465345423367274,9.6,750
primary,first_frame,0.24655083992502277,9.7,750
primary,first_frame,0.24660337709669514,9.8,750
primary,first_frame,0.24670077031438728,9.9,750
primary,first_frame,0.24695075276330414,10.0,750
primary,first_frame,0.24701941494358942,10.1,750
primary,first_frame,0.24719575302345095,10.2,750
primary,first_frame,0.2472062437367378,10.3,750
primary,first_frame,0.24720707965140123,10.4,750
primary,first_frame,0.24724325323303512,10.5,750
primary,first_frame,0.24755785799087848,10.6,750
primary,first_frame,0.2476182774794388,10.7,750
primary,first_frame,0.24774795055633547,10.8,750
primary,first_frame,0.24777487814106286,10.9,750
primary,first_frame,0.24781154257647728,11.0,750
primary,first_frame,0.24790587982239445,11.1,750
primary,first_frame,0.2480615326089115,11.2,750
primary,first_frame,0.24831879615401317,11.3,750
primary,first_frame,0.2484050351181281,11.4,750
primary,first_frame,0.24841195535939936,11.5,750
primary,first_frame,0.24842074105598996,11.6,750
primary,first_frame,0.24853992243714354,11.7,750
primary,first_frame,0.24862882813373482,11.8,750
primary,first_frame,0.24874735857752037,11.9,750
primary,first_frame,0.24883715206199453,12.0,750
primary,first_frame,0.2489778789289227,12.1,750
primary,first_frame,0.24921792526590184,12.2,750
primary,first_frame,0.24924429889524646,12.3,750
primary,first_frame,0.24927470954303008,12.4,750
primary,first_frame,0.24928849548329474,12.5,750
primary,first_frame,0.24930130526624086,12.6,750
primary,first_frame,0.24938438577099564,12.7,750
primary,first_frame,0.24942772072723204,12.8,750
primary,first_frame,0.24948558517802952,12.9,750
primary,first_frame,0.24955065350114874,13.0,750
primary,first_frame,0.24957832268897742,13.1,750
primary,first_frame,0.24958910755913577,13.2,750
primary,first_frame,0.24960570213683633,13.3,750
primary,first_frame,0.2497612532650667,13.4,750
primary,first_frame,0.2500853889337391,13.5,750
primary,first_frame,0.250251026988272,13.6,750
primary,first_frame,0.2504245521977978,13.7,750
primary,first_frame,0.2505346164058528,13.8,750
primary,first_frame,0.25059603919957474,13.9,750
primary,first_frame,0.25064239023135726,14.0,750
primary,first_frame,0.2508673563178531,14.1,750
primary,first_frame,0.2509637500202804,14.2,750
primary,first_frame,0.25098546903756497,14.3,750
primary,first_frame,0.2510735703545635,14.4,750
primary,first_frame,0.2512810971578254,14.5,750
primary,first_frame,0.2516329655912412,14.6,750
primary,first_frame,0.25202271330965925,14.7,750
primary,first_frame,0.25228052290721326,14.8,750
primary,first_frame,0.252543817798553,14.9,750
primary,first_frame,0.2527721191424283,15.0,750
primary,first_frame,0.25286734119653764,15.1,750
primary,first_frame,0.2529276406363013,15.2,750
primary,first_frame,0.2529718004326486,15.3,750
primary,first_frame,0.25301602476908863,15.4,750
primary,first_frame,0.2530507469906645,15.5,750
primary,first_frame,0.25313132868663646,15.6,750
primary,first_frame,0.2531814138667499,15.7,750
primary,first_frame,0.25321906398435606,15.8,750
primary,first_frame,0.25324070894596895,15.9,750
primary,first_frame,0.2532533710442011,16.0,750
primary,first_frame,0.253278582098136,16.1,750
primary,first_frame,0.25329888480569135,16.2,750
primary,first_frame,0.25332272117768545,16.3,750
primary,first_frame,0.2533466719422938,16.4,750
primary,first_frame,0.25336170165436217,16.5,750
primary,first_frame,0.25338125413002144,16.6,750
primary,first_frame,0.25341113029319107,16.7,750
primary,first_frame,0.2534809088181561,16.8,750
primary,first_frame,0.2535764339919299,16.9,750
primary,first_frame,0.25359568436262936,17.0,750
primary,first_frame,0.25359637660946005,17.1,750
primary,first_frame,0.25359637660946005,17.2,750
primary,first_frame,0.25359997302566123,17.3,750
primary,first_frame,0.2536047135075863,17.4,750
primary,first_frame,0.2536047135075863,17.5,750
primary,first_frame,0.2536047135075863,17.6,750
primary,first_frame,0.2536061307213096,17.7,750
primary,first_frame,0.25360760520122116,17.8,750
primary,first_frame,0.2536089281842964,17.9,750
primary,first_frame,0.2536121779433757,18.0,750
primary,first_frame,0.2536192117203926,18.1,750
primary,first_frame,0.2536192117203926,18.2,750
primary,first_frame,0.2536192117203926,18.3,750
primary,first_frame,0.25362930160144426,18.4,750
primary,first_frame,0.2536314013417244,18.5,750
primary,first_frame,0.2536367068813096,18.6,750
primary,first_frame,0.25364097330306107,18.7,750
primary,first_frame,0.2536515107077719,18.8,750
primary,first_frame,0.25365466714609075,18.9,750
primary,first_frame,0.25365507647812974,19.0,750
primary,first_frame,0.2536562450427448,19.1,750
primary,first_frame,0.2536562450427448,19.2,750
primary,first_frame,0.2536562450427448,19.3,750
primary,first_frame,0.2536562450427448,19.4,750
primary,first_frame,0.2536562450427448,19.5,750
primary,first_frame,0.2536562450427448,19.6,750
primary,first_frame,0.2536593454209884,19.7,750
primary,first_frame,0.2536600718470707,19.8,750
primary,first_frame,0.2536600718470707,19.9,750
primary,first_frame,0.2536610275780262,20.0,750
primary,first_frame,0.25366772633597573,20.1,750
primary,first_frame,0.25366772633597573,20.2,750
primary,first_frame,0.25366772633597573,20.3,750
primary,first_frame,0.25366772633597573,20.4,750
primary,first_frame,0.25366772633597573,20.5,750
primary,first_frame,0.25366772633597573,20.6,750
primary,first_frame,0.2536681517389659,20.7,750
primary,first_frame,0.2536692949818671,20.8,750
primary,first_frame,0.2536692949818671,20.9,750
primary,first_frame,0.2536700922926305,21.0,750
primary,first_frame,0.2536700922926305,21.1,750
primary,first_frame,0.2536700922926305,21.2,750
primary,first_frame,0.2536700922926305,21.3,750
primary,first_frame,0.2536700922926305,21.4,750
primary,first_frame,0.2536700922926305,21.5,750
primary,first_frame,0.2536700922926305,21.6,750
primary,first_frame,0.2536725028539499,21.7,750
primary,first_frame,0.2536725028539499,21.8,750
primary,first_frame,0.2536725028539499,21.9,750
primary,first_frame,0.2536734733711314,22.0,750
primary,first_frame,0.2536734733711314,22.1,750
primary,first_frame,0.2536734733711314,22.2,750
primary,first_frame,0.2536734733711314,22.3,750
primary,first_frame,0.25367440468408936,22.4,750
primary,first_frame,0.25367440468408936,22.5,750
primary,first_frame,0.25367623405781864,22.6,750
primary,first_frame,0.2536775567267374,22.7,750
primary,first_frame,0.2536775567267374,22.8,750
primary,first_frame,0.2536775567267374,22.9,750
primary,first_frame,0.25367810114950157,23.0,750
primary,first_frame,0.2536849778913776,23.1,750
primary,first_frame,0.25370125266555743,23.2,750
primary,first_frame,0.25370125266555743,23.3,750
primary,first_frame,0.25370275430897576,23.4,750
primary,first_frame,0.25370275430897576,23.5,750
primary,first_frame,0.25370275430897576,23.6,750
primary,first_frame,0.25370275430897576,23.7,750
primary,first_frame,0.25370427580423327,23.8,750
primary,first_frame,0.25370505243533104,23.9,750
primary,first_frame,0.2537057778258011,24.0,750
primary,first_frame,0.2537057778258011,24.1,750
primary,first_frame,0.2537071403232479,24.2,750
primary,first_frame,0.2537071403232479,24.3,750
primary,first_frame,0.2537071403232479,24.4,750
primary,first_frame,0.2537071403232479,24.5,750
primary,first_frame,0.2537071403232479,24.6,750
primary,first_frame,0.25370784334930485,24.7,750
primary,first_frame,0.25370784334930485,24.8,750
primary,first_frame,0.25370784334930485,24.9,750
primary,first_frame,0.25370784334930485,25.0,750
primary,first_frame,0.2537089439832666,25.1,750
primary,first_frame,0.2537089439832666,25.2,750
primary,first_frame,0.2537089439832666,25.3,750
primary,first_frame,0.2537089439832666,25.4,750
primary,first_frame,0.2537089439832666,25.5,750
primary,first_frame,0.2537094744745313,25.6,750
primary,first_frame,0.2537094744745313,25.7,750
primary,first_frame,0.2537094744745313,25.8,750
primary,first_frame,0.2537112282070967,25.9,750
primary,first_frame,0.2537112282070967,26.0,750
primary,first_frame,0.2537120950842077,26.1,750
primary,first_frame,0.25371230694079616,26.2,750
primary,first_frame,0.25371230694079616,26.3,750
primary,first_frame,0.25371373692635923,26.4,750
primary,first_frame,0.2537142424712174,26.5,750
primary,first_frame,0.25371524277245816,26.6,750
primary,first_frame,0.25371524277245816,26.7,750
primary,first_frame,0.25371524277245816,26.8,750
primary,first_frame,0.25371524277245816,26.9,750
primary,first_frame,0.25371779803529376,27.0,750
primary,first_frame,0.25371779803529376,27.1,750
primary,first_frame,0.25371779803529376,27.2,750
primary,first_frame,0.25371779803529376,27.3,750
primary,first_frame,0.2537182367603025,27.4,750
primary,first_frame,0.2537182367603025,27.5,750
primary,first_frame,0.2537182367603025,27.6,750
primary,first_frame,0.25372141230550793,27.7,750
primary,first_frame,0.25372224635237545,27.8,750
primary,first_frame,0.25372224635237545,27.9,750
primary,first_frame,0.25372224635237545,28.0,750
primary,first_frame,0.25372224635237545,28.1,750
primary,first_frame,0.25372224635237545,28.2,750
primary,first_frame,0.25372224635237545,28.3,750
primary,first_frame,0.25372224635237545,28.4,750
primary,first_frame,0.25372224635237545,28.5,750
primary,first_frame,0.25372224635237545,28.6,750
primary,first_frame,0.2537231061536069,28.7,750
primary,first_frame,0.2537231061536069,28.8,750
primary,first_frame,0.2537231061536069,28.9,750
primary,first_frame,0.2537231061536069,29.0,750
primary,first_frame,0.2537231061536069,29.1,750
primary,first_frame,0.2537231061536069,29.2,750
primary,first_frame,0.2537231061536069,29.3,750
primary,first_frame,0.2537231061536069,29.4,750
primary,first_frame,0.2537231061536069,29.5,750
primary,first_frame,0.2537231061536069,29.6,750
primary,first_frame,0.2537240385458844,29.7,750
primary,first_frame,0.2537240385458844,29.8,750
primary,first_frame,0.2537240385458844,29.9,750
primary,first_frame,0.2537240385458844,30.0,750
primary,first_frame,0.2537240385458844,30.1,750
primary,first_frame,0.2537240385458844,30.2,750
primary,first_frame,0.2537240385458844,30.3,750
primary,first_frame,0.2537240385458844,30.4,750
primary,first_frame,0.2537252044166937,30.5,750
primary,first_frame,0.2537252044166937,30.6,750
primary,first_frame,0.2537272324032818,30.7,750
primary,first_frame,0.2537272324032818,30.8,750
primary,first_frame,0.2537272324032818,30.9,750
primary,first_frame,0.2537272324032818,31.0,750
primary,first_frame,0.2537272324032818,31.1,750
primary,first_frame,0.2537272324032818,31.2,750
primary,first_frame,0.2537272324032818,31.3,750
primary,first_frame,0.2537272324032818,31.4,750
primary,first_frame,0.2537272324032818,31.5,750
primary,first_frame,0.25372788018158227,31.6,750
primary,first_frame,0.25372788018158227,31.7,750
primary,first_frame,0.25372788018158227,31.8,750
primary,first_frame,0.25372788018158227,31.9,750
primary,first_frame,0.25372788018158227,32.0,750
primary,first_frame,0.2537289955743414,32.1,750
primary,first_frame,0.25373040304880123,32.2,750
primary,first_frame,0.25373040304880123,32.3,750
primary,first_frame,0.2537314184887259,32.4,750
primary,first_frame,0.2537314184887259,32.5,750
primary,first_frame,0.2537314184887259,32.6,750
primary,first_frame,0.2537314184887259,32.7,750
primary,first_frame,0.2537314184887259,32.8,750
primary,first_frame,0.2537314184887259,32.9,750
primary,first_frame,0.2537314184887259,33.0,750
primary,first_frame,0.2537314184887259,33.1,750
primary,first_frame,0.2537314184887259,33.2,750
primary,first_frame,0.2537343160795102,33.3,750
primary,first_frame,0.2537343160795102,33.4,750
primary,first_frame,0.2537343160795102,33.5,750
primary,first_frame,0.2537343160795102,33.6,750
primary,first_frame,0.2537343160795102,33.7,750
primary,first_frame,0.2537343160795102,33.8,750
primary,first_frame,0.2537343160795102,33.9,750
primary,first_frame,0.2537343160795102,34.0,750
primary,first_frame,0.2537343160795102,34.1,750
primary,first_frame,0.2537343160795102,34.2,750
primary,first_frame,0.2537343160795102,34.3,750
primary,first_frame,0.25373521433164564,34.4,750
primary,first_frame,0.25373521433164564,34.5,750
primary,first_frame,0.25373521433164564,34.6,750
primary,first_frame,0.2537415297093058,34.7,750
primary,first_frame,0.2537415297093058,34.8,750
primary,first_frame,0.2537415297093058,34.9,750
primary,first_frame,0.2537415297093058,35.0,750
primary,first_frame,0.2537415297093058,35.1,750
primary,first_frame,0.2537415297093058,35.2,750
primary,first_frame,0.2537415297093058,35.3,750
primary,first_frame,0.2537415297093058,35.4,750
primary,first_frame,0.2537415297093058,35.5,750
primary,first_frame,0.2537415297093058,35.6,750
primary,first_frame,0.2537415297093058,35.7,750
primary,first_frame,0.2537415297093058,35.8,750
primary,first_frame,0.2537415297093058,35.9,750
primary,first_frame,0.2537415297093058,36.0,750
primary,first_frame,0.2537415297093058,36.1,750
primary,first_frame,0.2537415297093058,36.2,750
primary,first_frame,0.2537415297093058,36.3,750
primary,first_frame,0.2537415297093058,36.4,750
primary,first_frame,0.2537415297093058,36.5,750
primary,first_frame,0.2537415297093058,36.6,750
primary,first_frame,0.2537415297093058,36.7,750
primary,first_frame,0.2537415297093058,36.8,750
primary,first_frame,0.2537415297093058,36.9,750
primary,first_frame,0.2537415297093058,37.0,750
primary,first_frame,0.2537424179381914,37.1,750
primary,first_frame,0.2537424179381914,37.2,750
primary,first_frame,0.2537424179381914,37.3,750
primary,first_frame,0.2537424179381914,37.4,750
primary,first_frame,0.2537424179381914,37.5,750
primary,first_frame,0.2537424179381914,37.6,750
primary,first_frame,0.2537424179381914,37.7,750
primary,first_frame,0.2537424179381914,37.8,750
primary,first_frame,0.2537424179381914,37.9,750
primary,first_frame,0.2537424179381914,38.0,750
primary,first_frame,0.2537424179381914,38.1,750
primary,first_frame,0.2537424179381914,38.2,750
primary,first_frame,0.2537424179381914,38.3,750
primary,first_frame,0.2537424179381914,38.4,750
primary,first_frame,0.2537424179381914,38.5,750
primary,first_frame,0.2537424179381914,38.6,750
primary,first_frame,0.2537424179381914,38.7,750
primary,first_frame,0.2537424179381914,38.8,750
primary,first_frame,0.2537424179381914,38.9,750
primary,first_frame,0.2537424179381914,39.0,750
primary,first_frame,0.2537424179381914,39.1,750
primary,first_frame,0.2537424179381914,39.2,750
primary,first_frame,0.2537424179381914,39.3,750
primary,first_frame,0.2537424179381914,39.4,750
primary,first_frame,0.2537424179381914,39.5,750
primary,first_frame,0.2537424179381914,39.6,750
primary,first_frame,0.2537424179381914,39.7,750
primary,first_frame,0.2537424179381914,39.8,750
primary,first_frame,0.2537424179381914,39.9,750
primary,first_frame,0.2537424179381914,40.0,750
primary,first_frame,0.2537424179381914,40.1,750
primary,first_frame,0.2537424179381914,40.2,750
primary,first_frame,0.2537424179381914,40.3,750
primary,first_frame,0.2537424179381914,40.4,750
primary,first_frame,0.2537424179381914,40.5,750
primary,first_frame,0.2537424179381914,40.6,750
primary,first_frame,0.2537424179381914,40.7,750
primary,first_frame,0.2537424179381914,40.8,750
primary,first_frame,0.2537424179381914,40.9,750
primary,first_frame,0.2537424179381914,41.0,750
primary,first_frame,0.2537424179381914,41.1,750
primary,first_frame,0.2537424179381914,41.2,750
primary,first_frame,0.2537424179381914,41.3,750
primary,first_frame,0.2537424179381914,41.4,750
primary,first_frame,0.2537424179381914,41.5,750
primary,first_frame,0.2537424179381914,41.6,750
primary,first_frame,0.2537424179381914,41.7,750
primary,first_frame,0.2537424179381914,41.8,750
primary,first_frame,0.2537424179381914,41.9,750
primary,first_frame,0.2537424179381914,42.0,750
primary,first_frame,0.2537424179381914,42.1,750
primary,first_frame,0.2537434162784703,42.2,750
primary,first_frame,0.2537434162784703,42.3,750
primary,first_frame,0.2537445093185599,42.4,750
primary,first_frame,0.2537445093185599,42.5,750
primary,first_frame,0.2537445093185599,42.6,750
primary,first_frame,0.2537445093185599,42.7,750
primary,first_frame,0.25374660155413914,42.8,750
primary,first_frame,0.25374660155413914,42.9,750
primary,first_frame,0.25374660155413914,43.0,750
primary,first_frame,0.25374660155413914,43.1,750
primary,first_frame,0.25374660155413914,43.2,750
primary,first_frame,0.25374660155413914,43.3,750
primary,first_frame,0.25374660155413914,43.4,750
primary,first_frame,0.25374735573090956,43.5,750
primary,first_frame,0.25374735573090956,43.6,750
primary,first_frame,0.25374735573090956,43.7,750
primary,first_frame,0.25374735573090956,43.8,750
primary,first_frame,0.25374735573090956,43.9,750
primary,first_frame,0.25374735573090956,44.0,750
primary,first_frame,0.25374735573090956,44.1,750
primary,first_frame,0.25374735573090956,44.2,750
primary,first_frame,0.25374735573090956,44.3,750
primary,first_frame,0.25374735573090956,44.4,750
primary,first_frame,0.25374735573090956,44.5,750
primary,first_frame,0.25374735573090956,44.6,750
primary,first_frame,0.25374735573090956,44.7,750
primary,first_frame,0.25376472965000846,44.8,750
primary,first_frame,0.25383044545977,44.9,750
primary,first_frame,0.2541690088527534,45.0,750
primary,first_frame,0.25504899154991306,45.1,750
primary,first_frame,0.25573761259693817,45.2,750
primary,first_frame,0.2562200287729402,45.3,750
primary,first_frame,0.25664407115264315,45.4,750
primary,first_frame,0.25696349067551627,45.5,750
primary,first_frame,0.25719211273456916,45.6,750
primary,first_frame,0.25759487261625963,45.7,750
primary,first_frame,0.2578872476711087,45.8,750
primary,first_frame,0.2579108603719246,45.9,750
primary,first_frame,0.25792061068354943,46.0,750
primary,first_frame,0.2579651755298486,46.1,750
primary,first_frame,0.25797704290475687,46.2,750
primary,first_frame,0.2579789221115635,46.3,750
primary,first_frame,0.2579789221115635,46.4,750
primary,first_frame,0.2579812408306707,46.5,750
primary,first_frame,0.2579906361264794,46.6,750
primary,first_frame,0.2579906361264794,46.7,750
primary,first_frame,0.2579906361264794,46.8,750
primary,first_frame,0.25799168813653733,46.9,750
primary,first_frame,0.25799317680858047,47.0,750
primary,first_frame,0.2579947979518368,47.1,750
primary,first_frame,0.25799769982537213,47.2,750
primary,first_frame,0.25799769982537213,47.3,750
primary,first_frame,0.25800997234635126,47.4,750
primary,first_frame,0.25801075667708984,47.5,750
primary,first_frame,0.25801075667708984,47.6,750
primary,first_frame,0.25801075667708984,47.7,750
primary,first_frame,0.2580142314992514,47.8,750
primary,first_frame,0.2580219209214226,47.9,750
primary,first_frame,0.2580248938567436,48.0,750
primary,first_frame,0.2580260086434187,48.1,750
primary,first_frame,0.25802860655188675,48.2,750
primary,first_frame,0.2580368188089181,48.3,750
primary,first_frame,0.2583666300183207,48.4,750
primary,first_frame,0.2585083114632573,48.5,750
primary,first_frame,0.25851926613066645,48.6,750
primary,first_frame,0.25851926613066645,48.7,750
primary,first_frame,0.25852039738460897,48.8,750
primary,first_frame,0.2585214054334554,48.9,750
primary,first_frame,0.258592366222765,49.0,750
primary,first_frame,0.25892116875955,49.1,750
primary,first_frame,0.25901050628131855,49.2,750
primary,first_frame,0.2591124420485784,49.3,750
primary,first_frame,0.2591124420485784,49.4,750
primary,first_frame,0.2591195169854274,49.5,750
primary,first_frame,0.2591195169854274,49.6,750
primary,first_frame,0.2591195169854274,49.7,750
primary,first_frame,0.2591195169854274,49.8,750
primary,first_frame,0.2591203785608758,49.9,750
primary,first_frame,0.25912891639159036,50.0,750
primary,first_frame,0.25923387726840214,50.1,750
primary,first_frame,0.25935058958839663,50.2,750
primary,first_frame,0.2593525635627897,50.3,750
primary,first_frame,0.2593525635627897,50.4,750
primary,first_frame,0.25935417452741427,50.5,750
primary,first_frame,0.25935417452741427,50.6,750
primary,first_frame,0.2593596903729625,50.7,750
primary,first_frame,0.25941368878376986,50.8,750
primary,first_frame,0.25941368878376986,50.9,750
primary,first_frame,0.25941368878376986,51.0,750
primary,first_frame,0.25941368878376986,51.1,750
primary,first_frame,0.25941368878376986,51.2,750
primary,first_frame,0.25941368878376986,51.3,750
primary,first_frame,0.25941368878376986,51.4,750
primary,first_frame,0.25941368878376986,51.5,750
primary,first_frame,0.25941368878376986,51.6,750
primary,first_frame,0.25941368878376986,51.7,750
primary,first_frame,0.25941368878376986,51.8,750
primary,first_frame,0.25941368878376986,51.9,750
primary,first_frame,0.25941588530170967,52.0,750
primary,first_frame,0.25941588530170967,52.1,750
primary,first_frame,0.25941588530170967,52.2,750
primary,first_frame,0.25941588530170967,52.3,750
primary,first_frame,0.2594168536510571,52.4,750
primary,first_frame,0.25941836352238723,52.5,750
primary,first_frame,0.25941836352238723,52.6,750
primary,first_frame,0.25941836352238723,52.7,750
primary,first_frame,0.25941836352238723,52.8,750
primary,first_frame,0.2594232533691406,52.9,750
primary,first_frame,0.2594249190467159,53.0,750
primary,first_frame,0.2594249190467159,53.1,750
primary,first_frame,0.2594249190467159,53.2,750
primary,first_frame,0.2594249190467159,53.3,750
primary,first_frame,0.25942619744362333,53.4,750
primary,first_frame,0.25942619744362333,53.5,750
primary,first_frame,0.25942619744362333,53.6,750
primary,first_frame,0.25942619744362333,53.7,750
primary,first_frame,0.25942619744362333,53.8,750
primary,first_frame,0.25942619744362333,53.9,750
primary,first_frame,0.25942619744362333,54.0,750
primary,first_frame,0.25942619744362333,54.1,750
primary,first_frame,0.25942619744362333,54.2,750
primary,first_frame,0.25942619744362333,54.3,750
primary,first_frame,0.25942844866080433,54.4,750
primary,first_frame,0.25942844866080433,54.5,750
primary,first_frame,0.25942844866080433,54.6,750
primary,first_frame,0.25942844866080433,54.7,750
primary,first_frame,0.25942844866080433,54.8,750
primary,first_frame,0.25942844866080433,54.9,750
primary,first_frame,0.25942844866080433,55.0,750
primary,first_frame,0.25942844866080433,55.1,750
primary,first_frame,0.25942844866080433,55.2,750
primary,first_frame,0.25943056400601955,55.3,750
primary,first_frame,0.2594309152639208,55.4,750
primary,first_frame,0.25943208199172124,55.5,750
primary,first_frame,0.25943554621496706,55.6,750
primary,first_frame,0.25943554621496706,55.7,750
primary,first_frame,0.25943554621496706,55.8,750
primary,first_frame,0.25943554621496706,55.9,750
primary,first_frame,0.2594397585098656,56.0,750
primary,first_frame,0.2594415049445678,56.1,750
primary,first_frame,0.25944457716970465,56.2,750
primary,first_frame,0.25944457716970465,56.3,750
primary,first_frame,0.2594460973601448,56.4,750
primary,first_frame,0.259447637356092,56.5,750
primary,first_frame,0.259447637356092,56.6,750
primary,first_frame,0.259447637356092,56.7,750
primary,first_frame,0.259447637356092,56.8,750
primary,first_frame,0.259447637356092,56.9,750
primary,first_frame,0.259447637356092,57.0,750
primary,first_frame,0.259447637356092,57.1,750
primary,first_frame,0.259447637356092,57.2,750
primary,first_frame,0.259447637356092,57.3,750
primary,first_frame,0.259447637356092,57.4,750
primary,first_frame,0.259447637356092,57.5,750
primary,first_frame,0.259447637356092,57.6,750
primary,first_frame,0.259447637356092,57.7,750
primary,first_frame,0.259447637356092,57.8,750
primary,first_frame,0.25944978730854573,57.9,750
primary,first_frame,0.25944978730854573,58.0,750
primary,first_frame,0.25944978730854573,58.1,750
primary,first_frame,0.25944978730854573,58.2,750
primary,first_frame,0.2594527185886479,58.3,750
primary,first_frame,0.25945539439775084,58.4,750
primary,first_frame,0.25945539439775084,58.5,750
primary,first_frame,0.25945539439775084,58.6,750
primary,first_frame,0.25945539439775084,58.7,750
primary,first_frame,0.25945539439775084,58.8,750
primary,first_frame,0.25945539439775084,58.9,750
primary,first_frame,0.25945539439775084,59.0,750
primary,first_frame,0.2594568922828803,59.1,750
primary,first_frame,0.2594568922828803,59.2,750
primary,first_frame,0.2594568922828803,59.3,750
primary,first_frame,0.2594568922828803,59.4,750
primary,first_frame,0.2594568922828803,59.5,750
primary,first_frame,0.2594568922828803,59.6,750
primary,first_frame,0.2594568922828803,59.7,750
primary,first_frame,0.2594568922828803,59.8,750
primary,first_frame,0.25945694075042386,59.9,750
primary,first_frame,0.2594582065200373,60.0,750
primary,first_frame,0.25945974044528675,60.1,750
primary,first_frame,0.25945974044528675,60.2,750
primary,first_frame,0.2594600663806834,60.3,750
primary,first_frame,0.2594600663806834,60.4,750
primary,first_frame,0.2594600663806834,60.5,750
primary,first_frame,0.2594630552665149,60.6,750
primary,first_frame,0.25946628022888973,60.7,750
primary,first_frame,0.25947032695599986,60.8,750
primary,first_frame,0.25947167831538176,60.9,750
primary,first_frame,0.25947167831538176,61.0,750
primary,first_frame,0.25947167831538176,61.1,750
primary,first_frame,0.25947167831538176,61.2,750
primary,first_frame,0.25947167831538176,61.3,750
primary,first_frame,0.25947167831538176,61.4,750
primary,first_frame,0.25947167831538176,61.5,750
primary,first_frame,0.25947167831538176,61.6,750
primary,first_frame,0.25947256360572823,61.7,750
primary,first_frame,0.25947256360572823,61.8,750
primary,first_frame,0.25947256360572823,61.9,750
primary,first_frame,0.2594732938227787,62.0,750
primary,first_frame,0.2594732938227787,62.1,750
primary,first_frame,0.2594732938227787,62.2,750
primary,first_frame,0.2594732938227787,62.3,750
primary,first_frame,0.2594732938227787,62.4,750
primary,first_frame,0.2594732938227787,62.5,750
primary,first_frame,0.2594732938227787,62.6,750
primary,first_frame,0.2594732938227787,62.7,750
primary,first_frame,0.2594732938227787,62.8,750
primary,first_frame,0.2594741582900394,62.9,750
primary,first_frame,0.2594741582900394,63.0,750
primary,first_frame,0.2594741582900394,63.1,750
primary,first_frame,0.2594741582900394,63.2,750
primary,first_frame,0.25947559238596607,63.3,750
primary,first_frame,0.25947650825196794,63.4,750
primary,first_frame,0.25947650825196794,63.5,750
primary,first_frame,0.25947650825196794,63.6,750
primary,first_frame,0.25947650825196794,63.7,750
primary,first_frame,0.25947650825196794,63.8,750
primary,first_frame,0.25947650825196794,63.9,750
primary,first_frame,0.25947650825196794,64.0,750
primary,first_frame,0.25947650825196794,64.1,750
primary,first_frame,0.25947714752356854,64.2,750
primary,first_frame,0.2594776986715763,64.3,750
primary,first_frame,0.2594776986715763,64.4,750
primary,first_frame,0.2594795604830082,64.5,750
primary,first_frame,0.2594795604830082,64.6,750
primary,first_frame,0.2594795604830082,64.7,750
primary,first_frame,0.2594795604830082,64.8,750
primary,first_frame,0.2594795604830082,64.9,750
primary,first_frame,0.2594795604830082,65.0,750
primary,first_frame,0.25948445854966096,65.1,750
primary,first_frame,0.25948821100568775,65.2,750
primary,first_frame,0.25948874597020216,65.3,750
primary,first_frame,0.25948874597020216,65.4,750
primary,first_frame,0.25948874597020216,65.5,750
primary,first_frame,0.25948874597020216,65.6,750
primary,first_frame,0.25948874597020216,65.7,750
primary,first_frame,0.25949144753239484,65.8,750
primary,first_frame,0.25949144753239484,65.9,750
primary,first_frame,0.25949144753239484,66.0,750
primary,first_frame,0.259492412836373,66.1,750
primary,first_frame,0.2595024650249079,66.2,750
primary,first_frame,0.2595271010125415,66.3,750
primary,first_frame,0.25954947228466235,66.4,750
primary,first_frame,0.25957728526978063,66.5,750
primary,first_frame,0.2596660411473671,66.6,750
primary,first_frame,0.2597975775904863,66.7,750
primary,first_frame,0.2599260585194062,66.8,750
primary,first_frame,0.25999313556100273,66.9,750
primary,first_frame,0.2600006776574161,67.0,750
primary,first_frame,0.2600006776574161,67.1,750
primary,first_frame,0.26000171137976724,67.2,750
primary,first_frame,0.26000356497551447,67.3,750
primary,first_frame,0.2600038819941725,67.4,750
primary,first_frame,0.26000487139430895,67.5,750
primary,first_frame,0.26000487139430895,67.6,750
primary,first_frame,0.26000613268032435,67.7,750
primary,first_frame,0.26000613268032435,67.8,750
primary,first_frame,0.26000670262964337,67.9,750
primary,first_frame,0.26000670262964337,68.0,750
primary,first_frame,0.26000670262964337,68.1,750
primary,first_frame,0.26000670262964337,68.2,750
primary,first_frame,0.26000670262964337,68.3,750
primary,first_frame,0.26000670262964337,68.4,750
primary,first_frame,0.26000670262964337,68.5,750
primary,first_frame,0.26000670262964337,68.6,750
primary,first_frame,0.26000670262964337,68.7,750
primary,first_frame,0.26000670262964337,68.8,750
primary,first_frame,0.26000670262964337,68.9,750
primary,first_frame,0.2600076958298971,69.0,750
primary,first_frame,0.2600076958298971,69.1,750
primary,first_frame,0.26000865505115156,69.2,750
primary,first_frame,0.26000865505115156,69.3,750
primary,first_frame,0.26000865505115156,69.4,750
primary,first_frame,0.26000865505115156,69.5,750
primary,first_frame,0.26000865505115156,69.6,750
primary,first_frame,0.26000865505115156,69.7,750
primary,first_frame,0.26000865505115156,69.8,750
primary,first_frame,0.26000865505115156,69.9,750
primary,first_frame,0.26000865505115156,70.0,750
primary,first_frame,0.26000865505115156,70.1,750
primary,first_frame,0.26000865505115156,70.2,750
primary,first_frame,0.26000865505115156,70.3,750
primary,first_frame,0.26000865505115156,70.4,750
primary,first_frame,0.26000865505115156,70.5,750
primary,first_frame,0.26000865505115156,70.6,750
primary,first_frame,0.26000865505115156,70.7,750
primary,first_frame,0.26000865505115156,70.8,750
primary,first_frame,0.26000865505115156,70.9,750
primary,first_frame,0.26000865505115156,71.0,750
primary,first_frame,0.26000865505115156,71.1,750
primary,first_frame,0.26000865505115156,71.2,750
primary,first_frame,0.26000865505115156,71.3,750
primary,first_frame,0.26000865505115156,71.4,750
primary,first_frame,0.26000865505115156,71.5,750
primary,first_frame,0.26000865505115156,71.6,750
primary,first_frame,0.26000865505115156,71.7,750
primary,first_frame,0.26000941203410194,71.8,750
primary,first_frame,0.2600109501851271,71.9,750
primary,first_frame,0.2600109501851271,72.0,750
primary,first_frame,0.2600109501851271,72.1,750
primary,first_frame,0.2600109501851271,72.2,750
primary,first_frame,0.2600109501851271,72.3,750
primary,first_frame,0.2600109501851271,72.4,750
primary,first_frame,0.2600109501851271,72.5,750
primary,first_frame,0.2600109501851271,72.6,750
primary,first_frame,0.2600109501851271,72.7,750
primary,first_frame,0.2600109501851271,72.8,750
primary,first_frame,0.2600109501851271,72.9,750
primary,first_frame,0.2600109501851271,73.0,750
primary,first_frame,0.2600109501851271,73.1,750
primary,first_frame,0.2600109501851271,73.2,750
primary,first_frame,0.2600109501851271,73.3,750
primary,first_frame,0.2600109501851271,73.4,750
primary,first_frame,0.2600109501851271,73.5,750
primary,first_frame,0.26001157768359395,73.6,750
primary,first_frame,0.26001157768359395,73.7,750
primary,first_frame,0.26001157768359395,73.8,750
primary,first_frame,0.26001157768359395,73.9,750
primary,first_frame,0.26001157768359395,74.0,750
primary,first_frame,0.26001157768359395,74.1,750
primary,first_frame,0.26001157768359395,74.2,750
primary,first_frame,0.26001157768359395,74.3,750
primary,first_frame,0.26001157768359395,74.4,750
primary,first_frame,0.26001157768359395,74.5,750
primary,first_frame,0.26001157768359395,74.6,750
primary,first_frame,0.26001157768359395,74.7,750
primary,first_frame,0.26001157768359395,74.8,750
primary,first_frame,0.26001157768359395,74.9,750
primary,first_frame,0.26001157768359395,75.0,750
primary,first_frame,0.26001157768359395,75.1,750
primary,first_frame,0.26001157768359395,75.2,750
primary,first_frame,0.26001157768359395,75.3,750
primary,first_frame,0.26001180700936416,75.4,750
primary,first_frame,0.26001180700936416,75.5,750
primary,first_frame,0.26001180700936416,75.6,750
primary,first_frame,0.26001180700936416,75.7,750
primary,first_frame,0.26001180700936416,75.8,750
primary,first_frame,0.260012879173097,75.9,750
primary,first_frame,0.2600131894754471,76.0,750
primary,first_frame,0.2600131894754471,76.1,750
primary,first_frame,0.2600131894754471,76.2,750
primary,first_frame,0.2600131894754471,76.3,750
primary,first_frame,0.2600131894754471,76.4,750
primary,first_frame,0.26001383194076866,76.5,750
primary,first_frame,0.26001383194076866,76.6,750
primary,first_frame,0.26001383194076866,76.7,750
primary,first_frame,0.26001383194076866,76.8,750
primary,first_frame,0.26001488167768766,76.9,750
primary,first_frame,0.26001488167768766,77.0,750
primary,first_frame,0.26001488167768766,77.1,750
primary,first_frame,0.26001488167768766,77.2,750
primary,first_frame,0.26001488167768766,77.3,750
primary,first_frame,0.26001488167768766,77.4,750
primary,first_frame,0.26001488167768766,77.5,750
primary,first_frame,0.2600160396023718,77.6,750
primary,first_frame,0.2600160396023718,77.7,750
primary,first_frame,0.2600160396023718,77.8,750
primary,first_frame,0.2600160396023718,77.9,750
primary,first_frame,0.2600160396023718,78.0,750
primary,first_frame,0.2600160396023718,78.1,750
primary,first_frame,0.2600174148080486,78.2,750
primary,first_frame,0.2600179940581912,78.3,750
primary,first_frame,0.2600179940581912,78.4,750
primary,first_frame,0.2600179940581912,78.5,750
primary,first_frame,0.2600179940581912,78.6,750
primary,first_frame,0.2600179940581912,78.7,750
primary,first_frame,0.2600189005537548,78.8,750
primary,first_frame,0.2600189005537548,78.9,750
primary,first_frame,0.2600189005537548,79.0,750
primary,first_frame,0.2600189005537548,79.1,750
primary,first_frame,0.2600189005537548,79.2,750
primary,first_frame,0.2600189005537548,79.3,750
primary,first_frame,0.2600189005537548,79.4,750
primary,first_frame,0.2600189005537548,79.5,750
primary,first_frame,0.2600189005537548,79.6,750
primary,first_frame,0.2600189005537548,79.7,750
primary,first_frame,0.2600189005537548,79.8,750
primary,first_frame,0.2600189005537548,79.9,750
primary,first_frame,0.2600189005537548,80.0,750
primary,first_frame,0.26001953576715053,80.1,750
primary,first_frame,0.26002118096956744,80.2,750
primary,first_frame,0.26002118096956744,80.3,750
primary,first_frame,0.26002118096956744,80.4,750
primary,first_frame,0.26002118096956744,80.5,750
primary,first_frame,0.2600220264384225,80.6,750
primary,first_frame,0.2600220264384225,80.7,750
primary,first_frame,0.2600220264384225,80.8,750
primary,first_frame,0.26002257545821605,80.9,750
primary,first_frame,0.26002257545821605,81.0,750
primary,first_frame,0.26002257545821605,81.1,750
primary,first_frame,0.26002257545821605,81.2,750
primary,first_frame,0.26002257545821605,81.3,750
primary,first_frame,0.26002257545821605,81.4,750
primary,first_frame,0.26002257545821605,81.5,750
primary,first_frame,0.26002257545821605,81.6,750
primary,first_frame,0.2600230892572294,81.7,750
primary,first_frame,0.2600230892572294,81.8,750
primary,first_frame,0.2600230892572294,81.9,750
primary,first_frame,0.2600230892572294,82.0,750
primary,first_frame,0.2600230892572294,82.1,750
primary,first_frame,0.2600230892572294,82.2,750
primary,first_frame,0.260029453587158,82.3,750
primary,first_frame,0.2600326169706743,82.4,750
primary,first_frame,0.26003378740317423,82.5,750
primary,first_frame,0.2600386366003604,82.6,750
primary,first_frame,0.2600391591094045,82.7,750
primary,first_frame,0.2600391591094045,82.8,750
primary,first_frame,0.2600396103549431,82.9,750
primary,first_frame,0.2600428634280996,83.0,750
primary,first_frame,0.2600428634280996,83.1,750
primary,first_frame,0.2600428634280996,83.2,750
primary,first_frame,0.26004560404042437,83.3,750
primary,first_frame,0.26004968652676813,83.4,750
primary,first_frame,0.26005081196410973,83.5,750
primary,first_frame,0.2600514371075229,83.6,750
primary,first_frame,0.2600556916983895,83.7,750
primary,first_frame,0.2600556916983895,83.8,750
primary,first_frame,0.26005686075306655,83.9,750
primary,first_frame,0.26005962053412085,84.0,750
primary,first_frame,0.26006054687481944,84.1,750
primary,first_frame,0.26006054687481944,84.2,750
primary,first_frame,0.26006054687481944,84.3,750
primary,first_frame,0.26006199482605846,84.4,750
primary,first_frame,0.2600643192180259,84.5,750
primary,first_frame,0.26006936123422514,84.6,750
primary,first_frame,0.26006936123422514,84.7,750
primary,first_frame,0.26006936123422514,84.8,750
primary,first_frame,0.26006936123422514,84.9,750
primary,first_frame,0.2600704232673848,85.0,750
primary,first_frame,0.2600704232673848,85.1,750
primary,first_frame,0.2600704232673848,85.2,750
primary,first_frame,0.2600704232673848,85.3,750
primary,first_frame,0.2600704232673848,85.4,750
primary,first_frame,0.2600708988950606,85.5,750
primary,first_frame,0.2600708988950606,85.6,750
primary,first_frame,0.2600708988950606,85.7,750
primary,first_frame,0.2600720666248289,85.8,750
primary,first_frame,0.2600720666248289,85.9,750
primary,first_frame,0.2600720666248289,86.0,750
primary,first_frame,0.2600720666248289,86.1,750
primary,first_frame,0.2600720666248289,86.2,750
primary,first_frame,0.2600720666248289,86.3,750
primary,first_frame,0.26011884372841176,86.4,750
primary,first_frame,0.2601547087265005,86.5,750
primary,first_frame,0.26018848475070516,86.6,750
primary,first_frame,0.26022971700969105,86.7,750
primary,first_frame,0.26027800457703365,86.8,750
primary,first_frame,0.2602874239071376,86.9,750
primary,first_frame,0.2602874239071376,87.0,750
primary,first_frame,0.2602874239071376,87.1,750
primary,first_frame,0.2602874239071376,87.2,750
primary,first_frame,0.2602874239071376,87.3,750
primary,first_frame,0.2602874239071376,87.4,750
primary,first_frame,0.2602874239071376,87.5,750
primary,first_frame,0.2602874239071376,87.6,750
primary,first_frame,0.2602874239071376,87.7,750
primary,first_frame,0.2602874239071376,87.8,750
primary,first_frame,0.2602874239071376,87.9,750
primary,first_frame,0.2602874239071376,88.0,750
primary,first_frame,0.26028813463362094,88.1,750
primary,first_frame,0.26028813463362094,88.2,750
primary,first_frame,0.2602884597107699,88.3,750
primary,first_frame,0.2602884597107699,88.4,750
primary,first_frame,0.2602884597107699,88.5,750
primary,first_frame,0.2602884597107699,88.6,750
primary,first_frame,0.26030003046202677,88.7,750
primary,first_frame,0.26034992959904163,88.8,750
primary,first_frame,0.2605519137404536,88.9,750
primary,first_frame,0.2605581724980331,89.0,750
primary,first_frame,0.2605581724980331,89.1,750
primary,first_frame,0.2605581724980331,89.2,750
primary,first_frame,0.2605587119416311,89.3,750
primary,first_frame,0.2605594252809179,89.4,750
primary,first_frame,0.2605594252809179,89.5,750
primary,first_frame,0.2605594252809179,89.6,750
primary,first_frame,0.2605603299871733,89.7,750
primary,first_frame,0.2605603299871733,89.8,750
primary,first_frame,0.2605603299871733,89.9,750
primary,first_frame,0.2605603299871733,90.0,750
primary,first_frame,0.2605603299871733,90.1,750
primary,first_frame,0.26063094116070284,90.2,750
primary,first_frame,0.2608745108345154,90.3,750
primary,first_frame,0.2611158174305372,90.4,750
primary,first_frame,0.26129263244981893,90.5,750
primary,first_frame,0.2614112473846116,90.6,750
primary,first_frame,0.2618787594126368,90.7,750
primary,first_frame,0.2622065218984725,90.8,750
primary,first_frame,0.26238985849682556,90.9,750
primary,first_frame,0.26257279742902334,91.0,750
primary,first_frame,0.2625936980191618,91.1,750
primary,first_frame,0.2625984700400457,91.2,750
primary,first_frame,0.26259969272165007,91.3,750
primary,first_frame,0.26260130438175333,91.4,750
primary,first_frame,0.26260251709514326,91.5,750
primary,first_frame,0.26260251709514326,91.6,750
primary,first_frame,0.2626038827651465,91.7,750
primary,first_frame,0.2626350394518797,91.8,750
primary,first_frame,0.2626424156396116,91.9,750
primary,first_frame,0.26265059597483265,92.0,750
primary,first_frame,0.2626514395335866,92.1,750
primary,first_frame,0.2626671035742506,92.2,750
primary,first_frame,0.2627266550619828,92.3,750
primary,first_frame,0.26280579975368445,92.4,750
primary,first_frame,0.2629095694781198,92.5,750
primary,first_frame,0.2630198750408265,92.6,750
primary,first_frame,0.26320576523106737,92.7,750
primary,first_frame,0.26322097673121203,92.8,750
primary,first_frame,0.2632225488015967,92.9,750
primary,first_frame,0.2632253769555745,93.0,750
primary,first_frame,0.2632255127857967,93.1,750
primary,first_frame,0.2632564785657325,93.2,750
primary,first_frame,0.2634667990640186,93.3,750
primary,first_frame,0.2637750469336739,93.4,750
primary,first_frame,0.2639485552870494,93.5,750
primary,first_frame,0.26424008809628197,93.6,750
primary,first_frame,0.26439145735833985,93.7,750
primary,first_frame,0.26489072209331965,93.8,750
primary,first_frame,0.2650849791058794,93.9,750
primary,first_frame,0.26563930923292883,94.0,750
primary,first_frame,0.2660197508216604,94.1,750
primary,first_frame,0.26633436994468684,94.2,750
primary,first_frame,0.26651173349380275,94.3,750
primary,first_frame,0.266661598834889,94.4,750
primary,first_frame,0.2668246102199205,94.5,750
primary,first_frame,0.26684283362266015,94.6,750
primary,first_frame,0.26699822974075743,94.7,750
primary,first_frame,0.2670492717852793,94.8,750
primary,first_frame,0.26705406813035665,94.9,750
primary,first_frame,0.26705535942780495,95.0,750
primary,first_frame,0.2670663435320907,95.1,750
primary,first_frame,0.2670663435320907,95.2,750
primary,first_frame,0.2670663435320907,95.3,750
primary,first_frame,0.26706758805155134,95.4,750
primary,first_frame,0.26706758805155134,95.5,750
primary,first_frame,0.26706758805155134,95.6,750
primary,first_frame,0.2670879419557072,95.7,750
primary,first_frame,0.2670879419557072,95.8,750
primary,first_frame,0.2670879419557072,95.9,750
primary,first_frame,0.2670879419557072,96.0,750
primary,first_frame,0.2670879419557072,96.1,750
primary,first_frame,0.26709012916079866,96.2,750
primary,first_frame,0.26709012916079866,96.3,750
primary,first_frame,0.26709012916079866,96.4,750
primary,first_frame,0.26709012916079866,96.5,750
primary,first_frame,0.26709012916079866,96.6,750
primary,first_frame,0.26709012916079866,96.7,750
primary,first_frame,0.26709012916079866,96.8,750
primary,first_frame,0.26709075904622104,96.9,750
primary,first_frame,0.26709075904622104,97.0,750
primary,first_frame,0.2671022670628813,97.1,750
primary,first_frame,0.26719138656057073,97.2,750
primary,first_frame,0.2672762667631617,97.3,750
primary,first_frame,0.2672762667631617,97.4,750
primary,first_frame,0.2672774766103531,97.5,750
primary,first_frame,0.2673136828359314,97.6,750
primary,first_frame,0.26738650106216005,97.7,750
primary,first_frame,0.26739264220579556,97.8,750
primary,first_frame,0.26739264220579556,97.9,750
primary,first_frame,0.2673938170952276,98.0,750
primary,first_frame,0.2673938170952276,98.1,750
primary,first_frame,0.2673938170952276,98.2,750
primary,first_frame,0.2673938170952276,98.3,750
primary,first_frame,0.2673938170952276,98.4,750
primary,first_frame,0.2673938170952276,98.5,750
primary,first_frame,0.2673938170952276,98.6,750
primary,first_frame,0.2673947168283913,98.7,750
primary,first_frame,0.2673947168283913,98.8,750
primary,first_frame,0.2673947168283913,98.9,750
primary,first_frame,0.2673947168283913,99.0,750
primary,first_frame,0.2673947168283913,99.1,750
primary,first_frame,0.26740846572554083,99.2,750
primary,first_frame,0.2675030873595329,99.3,750
primary,first_frame,0.2675030873595329,99.4,750
primary,first_frame,0.2675030873595329,99.5,750
primary,first_frame,0.2675030873595329,99.6,750
primary,first_frame,0.2675030873595329,99.7,750
primary,first_frame,0.2675030873595329,99.8,750
primary,first_frame,0.2675030873595329,99.9,750
primary,first_frame,0.2675030873595329,100.0,750
primary,first_frame,0.2675030873595329,100.1,750
primary,first_frame,0.2675030873595329,100.2,750
primary,first_frame,0.2675030873595329,100.3,750
primary,first_frame,0.2675030873595329,100.4,750
primary,first_frame,0.2675079020655054,100.5,750
primary,first_frame,0.26751401299669236,100.6,750
primary,first_frame,0.26751401299669236,100.7,750
primary,first_frame,0.26751401299669236,100.8,750
primary,first_frame,0.26751401299669236,100.9,750
primary,first_frame,0.26751401299669236,101.0,750
primary,first_frame,0.26751401299669236,101.1,750
primary,first_frame,0.26751401299669236,101.2,750
primary,first_frame,0.26751401299669236,101.3,750
primary,first_frame,0.26751401299669236,101.4,750
primary,first_frame,0.26751401299669236,101.5,750
primary,first_frame,0.26751401299669236,101.6,750
primary,first_frame,0.26751505500473305,101.7,750
primary,first_frame,0.26751734105319147,101.8,750
primary,first_frame,0.26751734105319147,101.9,750
primary,first_frame,0.26751734105319147,102.0,750
primary,first_frame,0.26751734105319147,102.1,750
primary,first_frame,0.26751734105319147,102.2,750
primary,first_frame,0.26751734105319147,102.3,750
primary,first_frame,0.26751734105319147,102.4,750
primary,first_frame,0.26751734105319147,102.5,750
primary,first_frame,0.26751734105319147,102.6,750
primary,first_frame,0.2675194819899128,102.7,750
primary,first_frame,0.2675194819899128,102.8,750
primary,first_frame,0.2675194819899128,102.9,750
primary,first_frame,0.2675210068748343,103.0,750
primary,first_frame,0.2675210068748343,103.1,750
primary,first_frame,0.2675210068748343,103.2,750
primary,first_frame,0.2675210068748343,103.3,750
primary,first_frame,0.2675210068748343,103.4,750
primary,first_frame,0.2675217504650789,103.5,750
primary,first_frame,0.26752243029914763,103.6,750
primary,first_frame,0.26752306737070575,103.7,750
primary,first_frame,0.26755358003668783,103.8,750
primary,first_frame,0.26755358003668783,103.9,750
primary,first_frame,0.26755358003668783,104.0,750
primary,first_frame,0.2675554338308605,104.1,750
primary,first_frame,0.2675554338308605,104.2,750
primary,first_frame,0.2675554338308605,104.3,750
primary,first_frame,0.267557191469383,104.4,750
primary,first_frame,0.267557191469383,104.5,750
primary,first_frame,0.2675591322217771,104.6,750
primary,first_frame,0.2675591322217771,104.7,750
primary,first_frame,0.2675591322217771,104.8,750
primary,first_frame,0.26756594280982887,104.9,750
primary,first_frame,0.26760472009006336,105.0,750
primary,first_frame,0.26760472009006336,105.1,750
primary,first_frame,0.26760472009006336,105.2,750
primary,first_frame,0.26760472009006336,105.3,750
primary,first_frame,0.26760472009006336,105.4,750
primary,first_frame,0.26760472009006336,105.5,750
primary,first_frame,0.26760472009006336,105.6,750
primary,first_frame,0.26760472009006336,105.7,750
primary,first_frame,0.26760472009006336,105.8,750
primary,first_frame,0.26760472009006336,105.9,750
primary,first_frame,0.26760472009006336,106.0,750
primary,first_frame,0.26760472009006336,106.1,750
primary,first_frame,0.26760472009006336,106.2,750
primary,first_frame,0.2676067197350708,106.3,750
primary,first_frame,0.2676111197677638,106.4,750
primary,first_frame,0.26761232577894645,106.5,750
primary,first_frame,0.26761358672036606,106.6,750
primary,first_frame,0.267616001275375,106.7,750
primary,first_frame,0.26762507811185526,106.8,750
primary,first_frame,0.26762507811185526,106.9,750
primary,first_frame,0.26762507811185526,107.0,750
primary,first_frame,0.26762507811185526,107.1,750
primary,first_frame,0.26762507811185526,107.2,750
primary,first_frame,0.26762507811185526,107.3,750
primary,first_frame,0.26762507811185526,107.4,750
primary,first_frame,0.26762507811185526,107.5,750
primary,first_frame,0.26763516923687114,107.6,750
primary,first_frame,0.26766269781135776,107.7,750
primary,first_frame,0.2677088803873203,107.8,750
primary,first_frame,0.2677780816390422,107.9,750
primary,first_frame,0.26781815790182645,108.0,750
primary,first_frame,0.2678999750085163,108.1,750
primary,first_frame,0.2679059222006666,108.2,750
primary,first_frame,0.2679119565143957,108.3,750
primary,first_frame,0.26794493920035584,108.4,750
primary,first_frame,0.26801914533848487,108.5,750
primary,first_frame,0.26808419866049316,108.6,750
primary,first_frame,0.2681533067649505,108.7,750
primary,first_frame,0.2682351284739354,108.8,750
primary,first_frame,0.26828356241707546,108.9,750
primary,first_frame,0.268344127319749,109.0,750
primary,first_frame,0.2683747770575889,109.1,750
primary,first_frame,0.2683747770575889,109.2,750
primary,first_frame,0.2683747770575889,109.3,750
primary,first_frame,0.2683747770575889,109.4,750
primary,first_frame,0.26837554894375226,109.5,750
primary,first_frame,0.26837554894375226,109.6,750
primary,first_frame,0.26837554894375226,109.7,750
primary,first_frame,0.26837554894375226,109.8,750
primary,first_frame,0.26837554894375226,109.9,750
primary,first_frame,0.2684761057925867,110.0,750
primary,first_frame,0.26852283115087233,110.1,750
primary,first_frame,0.26853922466540997,110.2,750
primary,first_frame,0.2685711228637075,110.3,750
primary,first_frame,0.26865617797894464,110.4,750
primary,first_frame,0.2687293949162777,110.5,750
primary,first_frame,0.26882758753471986,110.6,750
primary,first_frame,0.2689409533244761,110.7,750
primary,first_frame,0.2690980357144308,110.8,750
primary,first_frame,0.2692557005745156,110.9,750
primary,first_frame,0.26925647516997964,111.0,750
primary,first_frame,0.26925647516997964,111.1,750
primary,first_frame,0.26925647516997964,111.2,750
primary,first_frame,0.26925647516997964,111.3,750
primary,first_frame,0.26928466983727556,111.4,750
primary,first_frame,0.269436816976302,111.5,750
primary,first_frame,0.26957512834500835,111.6,750
primary,first_frame,0.26972105254925294,111.7,750
primary,first_frame,0.2699709168251029,111.8,750
primary,first_frame,0.2700150724115689,111.9,750
primary,first_frame,0.2700581600646951,112.0,750
primary,first_frame,0.2701882357462552,112.1,750
primary,first_frame,0.2702260791148163,112.2,750
primary,first_frame,0.27028653100105615,112.3,750
primary,first_frame,0.27038080559517136,112.4,750
primary,first_frame,0.27054858387542974,112.5,750
primary,first_frame,0.27073950689729626,112.6,750
primary,first_frame,0.27094394164944835,112.7,750
primary,first_frame,0.27113451912799474,112.8,750
primary,first_frame,0.2711974052695069,112.9,750
primary,first_frame,0.2713392699351383,113.0,750
primary,first_frame,0.2713457281479105,113.1,750
primary,first_frame,0.2713457281479105,113.2,750
primary,first_frame,0.2713457281479105,113.3,750
primary,first_frame,0.2713457281479105,113.4,750
primary,first_frame,0.2713457281479105,113.5,750
primary,first_frame,0.2713457281479105,113.6,750
primary,first_frame,0.2713457281479105,113.7,750
primary,first_frame,0.27135668760913617,113.8,750
primary,first_frame,0.2713638153814269,113.9,750
primary,first_frame,0.2713654436741712,114.0,750
primary,first_frame,0.27136834566000273,114.1,750
primary,first_frame,0.27136834566000273,114.2,750
primary,first_frame,0.27136903412416763,114.3,750
primary,first_frame,0.27136903412416763,114.4,750
primary,first_frame,0.27136903412416763,114.5,750
primary,first_frame,0.27136903412416763,114.6,750
primary,first_frame,0.27136903412416763,114.7,750
primary,first_frame,0.27136903412416763,114.8,750
primary,first_frame,0.27140539268252095,114.9,750
primary,first_frame,0.2714075144727707,115.0,750
primary,first_frame,0.27142581405138083,115.1,750
primary,first_frame,0.2714305915658134,115.2,750
primary,first_frame,0.2714305915658134,115.3,750
primary,first_frame,0.2714305915658134,115.4,750
primary,first_frame,0.2714416664920674,115.5,750
primary,first_frame,0.27144771614975327,115.6,750
primary,first_frame,0.2715454743659194,115.7,750
primary,first_frame,0.27155465761516645,115.8,750
primary,first_frame,0.27155465761516645,115.9,750
primary,first_frame,0.27155465761516645,116.0,750
primary,first_frame,0.2715769948838012,116.1,750
primary,first_frame,0.27167235431360676,116.2,750
primary,first_frame,0.2717958401474815,116.3,750
primary,first_frame,0.2719059409222356,116.4,750
primary,first_frame,0.2719691024118949,116.5,750
primary,first_frame,0.2722125768877533,116.6,750
primary,first_frame,0.2722428607311673,116.7,750
primary,first_frame,0.27225805305630063,116.8,750
primary,first_frame,0.27225805305630063,116.9,750
primary,first_frame,0.27226803699635554,117.0,750
primary,first_frame,0.272273773583047,117.1,750
primary,first_frame,0.27227984166365987,117.2,750
primary,first_frame,0.27229926097645435,117.3,750
primary,first_frame,0.27232555103540496,117.4,750
primary,first_frame,0.27232649204326437,117.5,750
primary,first_frame,0.2723309553087177,117.6,750
primary,first_frame,0.27233326299069277,117.7,750
primary,first_frame,0.27239943686989077,117.8,750
primary,first_frame,0.2724016549204911,117.9,750
primary,first_frame,0.27240519802351665,118.0,750
primary,first_frame,0.2724078925397401,118.1,750
primary,first_frame,0.2724080363346444,118.2,750
primary,first_frame,0.2724086691323922,118.3,750
primary,first_frame,0.2724086691323922,118.4,750
primary,first_frame,0.2724129709681536,118.5,750
primary,first_frame,0.2724129709681536,118.6,750
primary,first_frame,0.2724129709681536,118.7,750
primary,first_frame,0.2724129709681536,118.8,750
primary,first_frame,0.2724129709681536,118.9,750
primary,first_frame,0.2724129709681536,119.0,750
primary,first_frame,0.27241405230179255,119.1,750
primary,first_frame,0.27241405230179255,119.2,750
primary,first_frame,0.27241405230179255,119.3,750
primary,first_frame,0.27241405230179255,119.4,750
primary,first_frame,0.27241424625941096,119.5,750
primary,first_frame,0.2724157764198977,119.6,750
primary,first_frame,0.2724183444667522,119.7,750
primary,first_frame,0.2724211031564032,119.8,750
primary,first_frame,0.2724211031564032,119.9,750
primary,first_frame,0.2724211031564032,120.0,750
